[{"model": "webapp.seat", "pk": 1, "fields": {"number": 1}}, {"model": "webapp.seat", "pk": 2, "fields": {"number": 2}}, {"model": "webapp.seat", "pk": 3, "fields": {"number": 3}}, {"model": "webapp.seat", "pk": 4, "fields": {"number": 4}}, {"model": "webapp.seat", "pk": 5, "fields": {"number": 5}}, {"model": "webapp.seat", "pk": 6, "fields": {"number": 6}}, {"model": "webapp.seat", "pk": 7, "fields": {"number": 7}}, {"model": "webapp.seat", "pk": 8, "fields": {"number": 8}}, {"model": "webapp.seat", "pk": 9, "fields": {"number": 9}}, {"model": "webapp.seat", "pk": 10, "fields": {"number": 10}}, {"model": "webapp.row", "pk": 1, "fields": {"name": "A", "seats": [1]}}, {"model": "webapp.row", "pk": 2, "fields": {"name": "B", "seats": [1, 2, 3, 4, 5, 6, 7, 8, 9, 10]}}, {"model": "webapp.row", "pk": 3, "fields": {"name": "C", "seats": [1, 2, 3, 4, 5, 6, 7, 8, 9, 10]}}, {"model": "webapp.row", "pk": 4, "fields": {"name": "D", "seats": [1, 2, 3, 4, 5, 6, 7, 8, 9, 10]}}, {"model": "webapp.row", "pk": 5, "fields": {"name": "E", "seats": [1, 2, 3, 4, 5, 6, 7, 8, 9, 10]}}, {"model": "webapp.row", "pk": 6, "fields": {"name": "F", "seats": [1, 2, 3, 4, 5, 6, 7, 8, 9, 10]}}, {"model": "webapp.row", "pk": 7, "fields": {"name": "G", "seats": [1, 2, 3, 4, 5, 6, 7, 8, 9, 10]}}, {"model": "webapp.row", "pk": 8, "fields": {"name": "H", "seats": [1, 2, 3, 4, 5, 6, 7, 8, 9, 10]}}, {"model": "webapp.row", "pk": 9, "fields": {"name": "I", "seats": [1, 2, 3, 4, 5, 6, 7, 8, 9, 10]}}, {"model": "webapp.row", "pk": 10, "fields": {"name": "J", "seats": [1, 2, 3, 4, 5, 6, 7, 8, 9, 10]}}, {"model": "webapp.row", "pk": 11, "fields": {"name": "K", "seats": [1, 2, 3, 4, 5, 6, 7, 8, 9, 10]}}, {"model": "webapp.row", "pk": 12, "fields": {"name": "L", "seats": [1, 2, 3, 4, 5, 6, 7, 8, 9, 10]}}, {"model": "webapp.row", "pk": 13, "fields": {"name": "M", "seats": [1, 2, 3, 4, 5, 6, 7, 8, 9, 10]}}, {"model": "webapp.row", "pk": 14, "fields": {"name": "N", "seats": [1, 2, 3, 4, 5, 6, 7, 8, 9, 10]}}, {"model": "webapp.row", "pk": 15, "fields": {"name": "O", "seats": [1, 2, 3, 4, 5, 6, 7, 8, 9, 10]}}, {"model": "webapp.row", "pk": 16, "fields": {"name": "P", "seats": [1, 2, 3, 4, 5, 6, 7, 8, 9, 10]}}, {"model": "webapp.row", "pk": 17, "fields": {"name": "Q", "seats": [1, 2, 3, 4, 5, 6, 7, 8, 9, 10]}}, {"model": "webapp.row", "pk": 18, "fields": {"name": "R", "seats": [1, 2, 3, 4, 5, 6, 7, 8, 9, 10]}}, {"model": "webapp.row", "pk": 19, "fields": {"name": "S", "seats": [1, 2, 3, 4, 5, 6, 7, 8, 9, 10]}}, {"model": "webapp.row", "pk": 20, "fields": {"name": "T", "seats": [1, 2, 3, 4, 5, 6, 7, 8, 9, 10]}}, {"model": "webapp.row", "pk": 21, "fields": {"name": "U", "seats": [1, 2, 3, 4, 5, 6, 7, 8, 9, 10]}}, {"model": "webapp.row", "pk": 22, "fields": {"name": "V", "seats": [1, 2, 3, 4, 5, 6, 7, 8, 9, 10]}}, {"model": "webapp.row", "pk": 23, "fields": {"name": "W", "seats": [1, 2, 3, 4, 5, 6, 7, 8, 9, 10]}}, {"model": "webapp.row", "pk": 24, "fields": {"name": "X", "seats": [1, 2, 3, 4, 5, 6, 7, 8, 9, 10]}}, {"model": "webapp.row", "pk": 25, "fields": {"name": "Y", "seats": [1, 2, 3, 4, 5, 6, 7, 8, 9, 10]}}, {"model": "webapp.row", "pk": 26, "fields": {"name": "Z", "seats": [1, 2, 3, 4, 5, 6, 7, 8, 9, 10]}}, {"model": "webapp.pricegroup", "pk": 1, "fields": {"name": "Normal", "price": "10.00"}}, {"model": "webapp.pricegroup", "pk": 2, "fields": {"name": "Premium", "price": "20.00"}}, {"model": "webapp.pricegroup", "pk": 4, "fields": {"name": "LockHeed Martin Company Pricing", "price": "5.00"}}, {"model": "webapp.section", "pk": 1, "fields": {"name": "Front", "rows": [1, 2, 3, 4, 5, 6, 7, 8, 9, 10, 11, 12, 13, 14, 15], "pricegroups": [1]}}, {"model": "webapp.section", "pk": 2, "fields": {"name": "Back", "rows": [16, 17, 18, 19, 20, 21, 22, 23, 24, 25, 26], "pricegroups": [2]}}, {"model": "webapp.theater", "pk": 1, "fields": {"name": "Playhouse Theater", "location": "Von Braun Center", "sections": [1]}}, {"model": "webapp.theater", "pk": 2, "fields": {"name": "Concert Hall", "location": "Von Braun Center", "sections": [1, 2]}}, {"model": "webapp.theater", "pk": 3, "fields": {"name": "Test", "location": "Von Braun Center", "sections": [1, 2]}}, {"model": "webapp.performance", "pk": 1, "fields": {"time": "2018-11-15T02:22:22Z", "theater": [1]}}, {"model": "webapp.performance", "pk": 2, "fields": {"time": "2018-11-17T23:51:06Z", "theater": [2]}}, {"model": "webapp.performance", "pk": 3, "fields": {"time": "2018-11-18T18:00:00Z", "theater": [2]}}, {"model": "webapp.performance", "pk": 4, "fields": {"time": "2018-11-20T12:00:00Z", "theater": [1]}}, {"model": "webapp.performance", "pk": 5, "fields": {"time": "2018-11-18T03:39:19Z", "theater": [2]}}, {"model": "webapp.season", "pk": 1, "fields": {"name": "Fall 2018", "shows": [1, 2, 3, 4]}}, {"model": "webapp.customer", "pk": 1, "fields": {"firstName": "Shawn", "middleName": "Matthias", "lastName": "Edwards", "address": "A house, Huntsville, AL, 35806", "email": "shawn@shawn.com", "phone": "+112345678"}}, {"model": "webapp.customer", "pk": 3, "fields": {"firstName": "Andy", "middleName": "", "lastName": "Towers", "address": "", "email": "", "phone": ""}}, {"model": "webapp.customer", "pk": 4, "fields": {"firstName": "Matthew", "middleName": "", "lastName": "Annerton", "address": "", "email": "", "phone": ""}}, {"model": "webapp.seasonticketholder", "pk": 1, "fields": {"valid": true, "customer": [1], "seasons": [1]}}, {"model": "webapp.ticket", "pk": 1, "fields": {"paid": false, "datePurchased": "2018-11-15T02:45:45Z", "door": false, "printed": false, "cash": false, "customer": [1], "seat": [1], "row": [1], "section": [1], "season": [1], "show": [1], "performance": [1]}}, {"model": "webapp.ticket", "pk": 2, "fields": {"paid": false, "datePurchased": "2018-11-17T13:25:32Z", "door": false, "printed": false, "cash": false, "customer": [1], "seat": [2], "row": [1], "section": [1], "season": [1], "show": [1], "performance": [1]}}, {"model": "webapp.ticket", "pk": 3, "fields": {"paid": false, "datePurchased": "2018-11-17T14:05:19Z", "door": false, "printed": false, "cash": false, "customer": [1], "seat": [1], "row": [1], "section": [1], "season": [1], "show": [4], "performance": [3]}}, {"model": "webapp.ticket", "pk": 4, "fields": {"paid": false, "datePurchased": "2018-11-17T17:01:42Z", "door": false, "printed": false, "cash": false, "customer": [1], "seat": [1], "row": [1], "section": [1], "season": [1], "show": [3], "performance": [2]}}, {"model": "webapp.ticket", "pk": 15, "fields": {"paid": true, "datePurchased": "2018-11-18T02:51:38Z", "door": true, "printed": true, "cash": true, "customer": [3], "seat": [1], "row": [1], "section": [1], "season": [1], "show": [4], "performance": [3]}}, {"model": "webapp.ticket", "pk": 19, "fields": {"paid": false, "datePurchased": "2018-11-18T02:55:00Z", "door": false, "printed": false, "cash": false, "customer": [1], "seat": [2], "row": [2], "section": [1], "season": [1], "show": [4], "performance": [4]}}, {"model": "webapp.ticket", "pk": 20, "fields": {"paid": false, "datePurchased": "2018-11-18T02:55:51Z", "door": false, "printed": false, "cash": false, "customer": [1], "seat": [1], "row": [2], "section": [1], "season": [1], "show": [4], "performance": [3]}}, {"model": "webapp.ticket", "pk": 25, "fields": {"paid": false, "datePurchased": "2018-11-18T04:50:35.325Z", "door": true, "printed": true, "cash": true, "customer": [4], "seat": [4], "row": [3], "section": [1], "season": [1], "show": [4], "performance": [3]}}, {"model": "auth.group", "pk": 1, "fields": {"name": "HVTG Volunteers", "permissions": [1, 2, 3, 4, 8, 12, 16, 20, 21, 22, 23, 24, 28, 32, 36, 40, 41, 42, 43, 44]}}, {"model": "auth.group", "pk": 2, "fields": {"name": "Site Admin", "permissions": [45, 46, 47, 48, 53, 54, 55, 56, 49, 50, 51, 52, 57, 58, 59, 60, 61, 62, 63, 64, 65, 66, 67, 68]}}, {"model": "auth.group", "pk": 3, "fields": {"name": "Theater Admin", "permissions": [13, 14, 15, 16, 17, 18, 19, 20, 21, 22, 23, 24, 25, 26, 27, 28, 29, 30, 31, 32, 37, 38, 39, 40]}}, {"model": "auth.group", "pk": 4, "fields": {"name": "HVTG Admin", "permissions": [5, 6, 7, 8, 9, 10, 11, 12, 33, 34, 35, 36, 44]}}, {"model": "auth.group", "pk": 5, "fields": {"name": "VBC Volunteers", "permissions": [1, 2, 3, 4, 8, 12, 16, 20, 21, 22, 23, 24, 28, 32, 36, 40, 41, 42, 43, 44]}}, {"model": "auth.group", "pk": 6, "fields": {"name": "Fantasy Playhouse Volunteers", "permissions": [1, 2, 3, 4, 8, 12, 16, 20, 21, 22, 23, 24, 28, 32, 36, 40, 41, 42, 43, 44]}}, {"model": "auth.group", "pk": 7, "fields": {"name": "Fantasy Playhouse Admin", "permissions": [5, 6, 7, 8, 9, 10, 11, 12, 13, 14, 15, 16, 20, 24, 25, 26, 27, 28, 29, 30, 31, 32, 33, 34, 36, 40, 44]}}, {"model": "auth.user", "pk": 1, "fields": {"password": "pbkdf2_sha256$120000$qdjDMPXqYImA$qxPC51xIwETTGfJeIqdPnX6VJdhqiBRfZefAZdRy8BI=", "last_login": "2018-11-16T22:45:39.530Z", "is_superuser": true, "username": "admin", "first_name": "", "last_name": "", "email": "", "is_staff": true, "is_active": true, "date_joined": "2018-11-15T02:19:34.267Z", "groups": [], "user_permissions": []}}, {"model": "auth.user", "pk": 2, "fields": {"password": "pbkdf2_sha256$120000$vb77v2n2jCGn$B9R2DcAn4HPGC9b7yIfsxmUqL8GAU4LRehE+AbslKbY=", "last_login": null, "is_superuser": false, "username": "AndyTowers", "first_name": "Andy", "last_name": "Towers", "email": "andy@company.com", "is_staff": true, "is_active": true, "date_joined": "2018-11-16T19:52:07Z", "groups": [1], "user_permissions": []}}, {"model": "auth.user", "pk": 3, "fields": {"password": "pbkdf2_sha256$120000$25PwaCGZD33e$Gq0vxWdKl6v4P6zqgp6bgr+FX/zXhjVyqraF/zix4iY=", "last_login": null, "is_superuser": false, "username": "HVTGAdmin", "first_name": "Hunts. Volunteer Theater Group", "last_name": "Show Admin", "email": "admin@hvtg.org", "is_staff": true, "is_active": true, "date_joined": "2018-11-16T23:20:55Z", "groups": [4], "user_permissions": []}}, {"model": "sessions.session", "pk": "84iayvkjxslzufoaaxm1kyobvl77yqu7", "fields": {"session_data": "NzNiMGFlNTQyMWY3MjQxNmZjOWYyZGM2YThhNTI0MzZlZDRiMTg1ODp7Il9hdXRoX3VzZXJfaWQiOiIxIiwiX2F1dGhfdXNlcl9iYWNrZW5kIjoiZGphbmdvLmNvbnRyaWIuYXV0aC5iYWNrZW5kcy5Nb2RlbEJhY2tlbmQiLCJfYXV0aF91c2VyX2hhc2giOiIzZGRhZmUwMTA3MDRkYTk2NTgwNjhjM2YxZTBiZWUwZDVjYjNlMzA0In0=", "expire_date": "2018-11-30T22:45:39.533Z"}}, {"model": "sessions.session", "pk": "9klrnxoqijoo5xw17aky6yo1cdmb8cbz", "fields": {"session_data": "NzNiMGFlNTQyMWY3MjQxNmZjOWYyZGM2YThhNTI0MzZlZDRiMTg1ODp7Il9hdXRoX3VzZXJfaWQiOiIxIiwiX2F1dGhfdXNlcl9iYWNrZW5kIjoiZGphbmdvLmNvbnRyaWIuYXV0aC5iYWNrZW5kcy5Nb2RlbEJhY2tlbmQiLCJfYXV0aF91c2VyX2hhc2giOiIzZGRhZmUwMTA3MDRkYTk2NTgwNjhjM2YxZTBiZWUwZDVjYjNlMzA0In0=", "expire_date": "2018-11-29T16:16:23.232Z"}}, {"model": "admin.logentry", "pk": 1, "fields": {"action_time": "2018-11-15T02:20:36.838Z", "user": 1, "content_type": 7, "object_id": "1", "object_repr": "1", "action_flag": 1, "change_message": "[{\"added\": {}}]"}}, {"model": "admin.logentry", "pk": 2, "fields": {"action_time": "2018-11-15T02:20:57.811Z", "user": 1, "content_type": 4, "object_id": "1", "object_repr": "A", "action_flag": 1, "change_message": "[{\"added\": {}}]"}}, {"model": "admin.logentry", "pk": 3, "fields": {"action_time": "2018-11-15T02:21:16.334Z", "user": 1, "content_type": 3, "object_id": "1", "object_repr": "Normal", "action_flag": 1, "change_message": "[{\"added\": {}}]"}}, {"model": "admin.logentry", "pk": 4, "fields": {"action_time": "2018-11-15T02:21:31.365Z", "user": 1, "content_type": 8, "object_id": "1", "object_repr": "Front", "action_flag": 1, "change_message": "[{\"added\": {}}]"}}, {"model": "admin.logentry", "pk": 5, "fields": {"action_time": "2018-11-15T02:21:50.472Z", "user": 1, "content_type": 10, "object_id": "1", "object_repr": "Playhouse Theater", "action_flag": 1, "change_message": "[{\"added\": {}}]"}}, {"model": "admin.logentry", "pk": 6, "fields": {"action_time": "2018-11-15T02:22:23.506Z", "user": 1, "content_type": 2, "object_id": "1", "object_repr": "2018-11-15 02:22", "action_flag": 1, "change_message": "[{\"added\": {}}]"}}, {"model": "admin.logentry", "pk": 7, "fields": {"action_time": "2018-11-15T02:22:37.175Z", "user": 1, "content_type": 9, "object_id": "1", "object_repr": "MacBeth", "action_flag": 1, "change_message": "[{\"added\": {}}]"}}, {"model": "admin.logentry", "pk": 8, "fields": {"action_time": "2018-11-15T02:23:39.806Z", "user": 1, "content_type": 5, "object_id": "1", "object_repr": "Fall 2018", "action_flag": 1, "change_message": "[{\"added\": {}}]"}}, {"model": "admin.logentry", "pk": 9, "fields": {"action_time": "2018-11-15T02:45:27.929Z", "user": 1, "content_type": 1, "object_id": "1", "object_repr": "Shawn Matthias Edwards", "action_flag": 1, "change_message": "[{\"added\": {}}]"}}, {"model": "admin.logentry", "pk": 10, "fields": {"action_time": "2018-11-15T02:45:49.239Z", "user": 1, "content_type": 11, "object_id": "1", "object_repr": "(2018-11-15 02:22:22+00:00, MacBeth, Fall 2018, Shawn Edwards)", "action_flag": 1, "change_message": "[{\"added\": {}}]"}}, {"model": "admin.logentry", "pk": 11, "fields": {"action_time": "2018-11-15T02:46:09.090Z", "user": 1, "content_type": 6, "object_id": "1", "object_repr": "Shawn Edwards", "action_flag": 1, "change_message": "[{\"added\": {}}]"}}, {"model": "admin.logentry", "pk": 12, "fields": {"action_time": "2018-11-15T19:49:26.661Z", "user": 1, "content_type": 11, "object_id": "1", "object_repr": "(2018-11-15 02:22:22+00:00, MacBeth, Fall 2018, Shawn Edwards)", "action_flag": 2, "change_message": "[{\"changed\": {\"fields\": [\"row\", \"section\"]}}]"}}, {"model": "admin.logentry", "pk": 13, "fields": {"action_time": "2018-11-16T19:51:15.848Z", "user": 1, "content_type": 14, "object_id": "1", "object_repr": "HVTG Volunteers", "action_flag": 1, "change_message": "[{\"added\": {}}]"}}, {"model": "admin.logentry", "pk": 14, "fields": {"action_time": "2018-11-16T19:51:49.495Z", "user": 1, "content_type": 14, "object_id": "1", "object_repr": "HVTG Volunteers", "action_flag": 2, "change_message": "[{\"changed\": {\"fields\": [\"permissions\"]}}]"}}, {"model": "admin.logentry", "pk": 15, "fields": {"action_time": "2018-11-16T19:52:07.871Z", "user": 1, "content_type": 15, "object_id": "2", "object_repr": "AndyTowers", "action_flag": 1, "change_message": "[{\"added\": {}}]"}}, {"model": "admin.logentry", "pk": 16, "fields": {"action_time": "2018-11-16T19:52:43.039Z", "user": 1, "content_type": 15, "object_id": "2", "object_repr": "AndyTowers", "action_flag": 2, "change_message": "[{\"changed\": {\"fields\": [\"first_name\", \"last_name\", \"email\", \"is_staff\", \"groups\"]}}]"}}, {"model": "admin.logentry", "pk": 17, "fields": {"action_time": "2018-11-16T19:53:09.449Z", "user": 1, "content_type": 9, "object_id": "1", "object_repr": "MacBeth", "action_flag": 2, "change_message": "[{\"changed\": {\"fields\": [\"group\"]}}]"}}, {"model": "admin.logentry", "pk": 18, "fields": {"action_time": "2018-11-16T22:49:30.941Z", "user": 1, "content_type": 7, "object_id": "2", "object_repr": "2", "action_flag": 1, "change_message": "[{\"added\": {}}]"}}, {"model": "admin.logentry", "pk": 19, "fields": {"action_time": "2018-11-16T22:49:32.574Z", "user": 1, "content_type": 7, "object_id": "3", "object_repr": "3", "action_flag": 1, "change_message": "[{\"added\": {}}]"}}, {"model": "admin.logentry", "pk": 20, "fields": {"action_time": "2018-11-16T22:49:33.943Z", "user": 1, "content_type": 7, "object_id": "4", "object_repr": "4", "action_flag": 1, "change_message": "[{\"added\": {}}]"}}, {"model": "admin.logentry", "pk": 21, "fields": {"action_time": "2018-11-16T22:49:35.191Z", "user": 1, "content_type": 7, "object_id": "5", "object_repr": "5", "action_flag": 1, "change_message": "[{\"added\": {}}]"}}, {"model": "admin.logentry", "pk": 22, "fields": {"action_time": "2018-11-16T22:49:37.484Z", "user": 1, "content_type": 7, "object_id": "6", "object_repr": "6", "action_flag": 1, "change_message": "[{\"added\": {}}]"}}, {"model": "admin.logentry", "pk": 23, "fields": {"action_time": "2018-11-16T22:49:38.980Z", "user": 1, "content_type": 7, "object_id": "7", "object_repr": "7", "action_flag": 1, "change_message": "[{\"added\": {}}]"}}, {"model": "admin.logentry", "pk": 24, "fields": {"action_time": "2018-11-16T22:49:41.446Z", "user": 1, "content_type": 7, "object_id": "8", "object_repr": "8", "action_flag": 1, "change_message": "[{\"added\": {}}]"}}, {"model": "admin.logentry", "pk": 25, "fields": {"action_time": "2018-11-16T22:49:44.176Z", "user": 1, "content_type": 7, "object_id": "9", "object_repr": "9", "action_flag": 1, "change_message": "[{\"added\": {}}]"}}, {"model": "admin.logentry", "pk": 26, "fields": {"action_time": "2018-11-16T22:49:46.464Z", "user": 1, "content_type": 7, "object_id": "10", "object_repr": "10", "action_flag": 1, "change_message": "[{\"added\": {}}]"}}, {"model": "admin.logentry", "pk": 27, "fields": {"action_time": "2018-11-16T22:50:11.123Z", "user": 1, "content_type": 4, "object_id": "2", "object_repr": "B", "action_flag": 1, "change_message": "[{\"added\": {}}]"}}, {"model": "admin.logentry", "pk": 28, "fields": {"action_time": "2018-11-16T22:50:18.115Z", "user": 1, "content_type": 4, "object_id": "3", "object_repr": "C", "action_flag": 1, "change_message": "[{\"added\": {}}]"}}, {"model": "admin.logentry", "pk": 29, "fields": {"action_time": "2018-11-16T22:50:23.598Z", "user": 1, "content_type": 4, "object_id": "4", "object_repr": "D", "action_flag": 1, "change_message": "[{\"added\": {}}]"}}, {"model": "admin.logentry", "pk": 30, "fields": {"action_time": "2018-11-16T22:50:31.299Z", "user": 1, "content_type": 4, "object_id": "5", "object_repr": "E", "action_flag": 1, "change_message": "[{\"added\": {}}]"}}, {"model": "admin.logentry", "pk": 31, "fields": {"action_time": "2018-11-16T22:50:37.145Z", "user": 1, "content_type": 4, "object_id": "6", "object_repr": "F", "action_flag": 1, "change_message": "[{\"added\": {}}]"}}, {"model": "admin.logentry", "pk": 32, "fields": {"action_time": "2018-11-16T22:50:42.035Z", "user": 1, "content_type": 4, "object_id": "7", "object_repr": "G", "action_flag": 1, "change_message": "[{\"added\": {}}]"}}, {"model": "admin.logentry", "pk": 33, "fields": {"action_time": "2018-11-16T22:50:47.783Z", "user": 1, "content_type": 4, "object_id": "8", "object_repr": "H", "action_flag": 1, "change_message": "[{\"added\": {}}]"}}, {"model": "admin.logentry", "pk": 34, "fields": {"action_time": "2018-11-16T22:50:53.206Z", "user": 1, "content_type": 4, "object_id": "9", "object_repr": "I", "action_flag": 1, "change_message": "[{\"added\": {}}]"}}, {"model": "admin.logentry", "pk": 35, "fields": {"action_time": "2018-11-16T22:50:59.054Z", "user": 1, "content_type": 4, "object_id": "10", "object_repr": "J", "action_flag": 1, "change_message": "[{\"added\": {}}]"}}, {"model": "admin.logentry", "pk": 36, "fields": {"action_time": "2018-11-16T22:51:04.799Z", "user": 1, "content_type": 4, "object_id": "11", "object_repr": "K", "action_flag": 1, "change_message": "[{\"added\": {}}]"}}, {"model": "admin.logentry", "pk": 37, "fields": {"action_time": "2018-11-16T22:51:10.853Z", "user": 1, "content_type": 4, "object_id": "12", "object_repr": "L", "action_flag": 1, "change_message": "[{\"added\": {}}]"}}, {"model": "admin.logentry", "pk": 38, "fields": {"action_time": "2018-11-16T22:51:16.737Z", "user": 1, "content_type": 4, "object_id": "13", "object_repr": "M", "action_flag": 1, "change_message": "[{\"added\": {}}]"}}, {"model": "admin.logentry", "pk": 39, "fields": {"action_time": "2018-11-16T22:51:22.866Z", "user": 1, "content_type": 4, "object_id": "14", "object_repr": "N", "action_flag": 1, "change_message": "[{\"added\": {}}]"}}, {"model": "admin.logentry", "pk": 40, "fields": {"action_time": "2018-11-16T22:51:31.260Z", "user": 1, "content_type": 4, "object_id": "15", "object_repr": "O", "action_flag": 1, "change_message": "[{\"added\": {}}]"}}, {"model": "admin.logentry", "pk": 41, "fields": {"action_time": "2018-11-16T22:51:38.286Z", "user": 1, "content_type": 4, "object_id": "16", "object_repr": "P", "action_flag": 1, "change_message": "[{\"added\": {}}]"}}, {"model": "admin.logentry", "pk": 42, "fields": {"action_time": "2018-11-16T22:51:44.047Z", "user": 1, "content_type": 4, "object_id": "17", "object_repr": "Q", "action_flag": 1, "change_message": "[{\"added\": {}}]"}}, {"model": "admin.logentry", "pk": 43, "fields": {"action_time": "2018-11-16T22:51:49.064Z", "user": 1, "content_type": 4, "object_id": "18", "object_repr": "R", "action_flag": 1, "change_message": "[{\"added\": {}}]"}}, {"model": "admin.logentry", "pk": 44, "fields": {"action_time": "2018-11-16T22:51:57.691Z", "user": 1, "content_type": 4, "object_id": "19", "object_repr": "S", "action_flag": 1, "change_message": "[{\"added\": {}}]"}}, {"model": "admin.logentry", "pk": 45, "fields": {"action_time": "2018-11-16T22:52:02.725Z", "user": 1, "content_type": 4, "object_id": "20", "object_repr": "T", "action_flag": 1, "change_message": "[{\"added\": {}}]"}}, {"model": "admin.logentry", "pk": 46, "fields": {"action_time": "2018-11-16T22:52:09.730Z", "user": 1, "content_type": 4, "object_id": "21", "object_repr": "U", "action_flag": 1, "change_message": "[{\"added\": {}}]"}}, {"model": "admin.logentry", "pk": 47, "fields": {"action_time": "2018-11-16T22:52:16.049Z", "user": 1, "content_type": 4, "object_id": "22", "object_repr": "V", "action_flag": 1, "change_message": "[{\"added\": {}}]"}}, {"model": "admin.logentry", "pk": 48, "fields": {"action_time": "2018-11-16T22:52:21.739Z", "user": 1, "content_type": 4, "object_id": "23", "object_repr": "W", "action_flag": 1, "change_message": "[{\"added\": {}}]"}}, {"model": "admin.logentry", "pk": 49, "fields": {"action_time": "2018-11-16T22:52:26.793Z", "user": 1, "content_type": 4, "object_id": "24", "object_repr": "X", "action_flag": 1, "change_message": "[{\"added\": {}}]"}}, {"model": "admin.logentry", "pk": 50, "fields": {"action_time": "2018-11-16T22:52:31.608Z", "user": 1, "content_type": 4, "object_id": "25", "object_repr": "Y", "action_flag": 1, "change_message": "[{\"added\": {}}]"}}, {"model": "admin.logentry", "pk": 51, "fields": {"action_time": "2018-11-16T22:52:38.088Z", "user": 1, "content_type": 4, "object_id": "26", "object_repr": "Z", "action_flag": 1, "change_message": "[{\"added\": {}}]"}}, {"model": "admin.logentry", "pk": 52, "fields": {"action_time": "2018-11-16T22:53:30.345Z", "user": 1, "content_type": 8, "object_id": "1", "object_repr": "Front", "action_flag": 2, "change_message": "[{\"changed\": {\"fields\": [\"rows\"]}}]"}}, {"model": "admin.logentry", "pk": 53, "fields": {"action_time": "2018-11-16T22:53:48.706Z", "user": 1, "content_type": 3, "object_id": "2", "object_repr": "Premeir", "action_flag": 1, "change_message": "[{\"added\": {}}]"}}, {"model": "admin.logentry", "pk": 54, "fields": {"action_time": "2018-11-16T22:54:00.361Z", "user": 1, "content_type": 3, "object_id": "2", "object_repr": "Premium", "action_flag": 2, "change_message": "[{\"changed\": {\"fields\": [\"name\"]}}]"}}, {"model": "admin.logentry", "pk": 55, "fields": {"action_time": "2018-11-16T22:54:27.767Z", "user": 1, "content_type": 8, "object_id": "2", "object_repr": "Back", "action_flag": 1, "change_message": "[{\"added\": {}}]"}}, {"model": "admin.logentry", "pk": 56, "fields": {"action_time": "2018-11-16T22:54:43.839Z", "user": 1, "content_type": 3, "object_id": "3", "object_repr": "Military", "action_flag": 1, "change_message": "[{\"added\": {}}]"}}, {"model": "admin.logentry", "pk": 57, "fields": {"action_time": "2018-11-16T22:55:20.651Z", "user": 1, "content_type": 3, "object_id": "4", "object_repr": "LockHeed Martin Company Pricing", "action_flag": 1, "change_message": "[{\"added\": {}}]"}}, {"model": "admin.logentry", "pk": 58, "fields": {"action_time": "2018-11-16T22:56:10.546Z", "user": 1, "content_type": 3, "object_id": "3", "object_repr": "Military", "action_flag": 3, "change_message": ""}}, {"model": "admin.logentry", "pk": 59, "fields": {"action_time": "2018-11-16T22:56:54.683Z", "user": 1, "content_type": 10, "object_id": "2", "object_repr": "Concert Hall", "action_flag": 1, "change_message": "[{\"added\": {}}]"}}, {"model": "admin.logentry", "pk": 60, "fields": {"action_time": "2018-11-16T23:15:29.714Z", "user": 1, "content_type": 14, "object_id": "2", "object_repr": "Site Admin", "action_flag": 1, "change_message": "[{\"added\": {}}]"}}, {"model": "admin.logentry", "pk": 61, "fields": {"action_time": "2018-11-16T23:19:07.371Z", "user": 1, "content_type": 14, "object_id": "3", "object_repr": "Theater Admin", "action_flag": 1, "change_message": "[{\"added\": {}}]"}}, {"model": "admin.logentry", "pk": 62, "fields": {"action_time": "2018-11-16T23:20:08.096Z", "user": 1, "content_type": 14, "object_id": "4", "object_repr": "HVTG Admin", "action_flag": 1, "change_message": "[{\"added\": {}}]"}}, {"model": "admin.logentry", "pk": 63, "fields": {"action_time": "2018-11-16T23:20:55.536Z", "user": 1, "content_type": 15, "object_id": "3", "object_repr": "HVTGAdmin", "action_flag": 1, "change_message": "[{\"added\": {}}]"}}, {"model": "admin.logentry", "pk": 64, "fields": {"action_time": "2018-11-16T23:23:11.395Z", "user": 1, "content_type": 15, "object_id": "3", "object_repr": "HVTGAdmin", "action_flag": 2, "change_message": "[{\"changed\": {\"fields\": [\"first_name\", \"last_name\", \"email\", \"is_staff\", \"groups\"]}}]"}}, {"model": "admin.logentry", "pk": 65, "fields": {"action_time": "2018-11-16T23:49:27.916Z", "user": 1, "content_type": 14, "object_id": "5", "object_repr": "VBC Volunteers", "action_flag": 1, "change_message": "[{\"added\": {}}]"}}, {"model": "admin.logentry", "pk": 66, "fields": {"action_time": "2018-11-16T23:49:47.783Z", "user": 1, "content_type": 9, "object_id": "1", "object_repr": "MacBeth", "action_flag": 2, "change_message": "[{\"changed\": {\"fields\": [\"group\"]}}]"}}, {"model": "admin.logentry", "pk": 67, "fields": {"action_time": "2018-11-16T23:51:13.043Z", "user": 1, "content_type": 2, "object_id": "2", "object_repr": "2018-11-17 23:51", "action_flag": 1, "change_message": "[{\"added\": {}}]"}}, {"model": "admin.logentry", "pk": 68, "fields": {"action_time": "2018-11-16T23:51:15.987Z", "user": 1, "content_type": 9, "object_id": "2", "object_repr": "Hamlet", "action_flag": 1, "change_message": "[{\"added\": {}}]"}}, {"model": "admin.logentry", "pk": 69, "fields": {"action_time": "2018-11-16T23:51:34.796Z", "user": 1, "content_type": 5, "object_id": "1", "object_repr": "Fall 2018", "action_flag": 2, "change_message": "[{\"changed\": {\"fields\": [\"shows\"]}}]"}}, {"model": "admin.logentry", "pk": 70, "fields": {"action_time": "2018-11-16T23:52:50.125Z", "user": 1, "content_type": 14, "object_id": "6", "object_repr": "Fantasy Playhouse", "action_flag": 1, "change_message": "[{\"added\": {}}]"}}, {"model": "admin.logentry", "pk": 71, "fields": {"action_time": "2018-11-16T23:52:57.275Z", "user": 1, "content_type": 14, "object_id": "6", "object_repr": "Fantasy Playhouse Volunteers", "action_flag": 2, "change_message": "[{\"changed\": {\"fields\": [\"name\"]}}]"}}, {"model": "admin.logentry", "pk": 72, "fields": {"action_time": "2018-11-16T23:54:32.078Z", "user": 1, "content_type": 14, "object_id": "7", "object_repr": "Fantasy Playhouse Admin", "action_flag": 1, "change_message": "[{\"added\": {}}]"}}, {"model": "admin.logentry", "pk": 73, "fields": {"action_time": "2018-11-16T23:54:46.695Z", "user": 1, "content_type": 9, "object_id": "2", "object_repr": "Hamlet", "action_flag": 2, "change_message": "[{\"changed\": {\"fields\": [\"group\"]}}]"}}, {"model": "admin.logentry", "pk": 74, "fields": {"action_time": "2018-11-17T13:25:36.346Z", "user": 1, "content_type": 11, "object_id": "2", "object_repr": "(2018-11-15 02:22:22+00:00, MacBeth, Fall 2018, Shawn Edwards)", "action_flag": 1, "change_message": "[{\"added\": {}}]"}}, {"model": "admin.logentry", "pk": 75, "fields": {"action_time": "2018-11-17T13:43:52.511Z", "user": 1, "content_type": 10, "object_id": "3", "object_repr": "Test", "action_flag": 1, "change_message": "[{\"added\": {}}]"}}, {"model": "admin.logentry", "pk": 76, "fields": {"action_time": "2018-11-17T13:59:53.020Z", "user": 1, "content_type": 9, "object_id": "3", "object_repr": "John Prine", "action_flag": 1, "change_message": "[{\"added\": {}}]"}}, {"model": "admin.logentry", "pk": 77, "fields": {"action_time": "2018-11-17T14:02:10.625Z", "user": 1, "content_type": 2, "object_id": "3", "object_repr": "2018-11-18 18:00", "action_flag": 1, "change_message": "[{\"added\": {}}]"}}, {"model": "admin.logentry", "pk": 78, "fields": {"action_time": "2018-11-17T14:03:11.394Z", "user": 1, "content_type": 9, "object_id": "4", "object_repr": "Scotty McCreedy", "action_flag": 1, "change_message": "[{\"added\": {}}]"}}, {"model": "admin.logentry", "pk": 79, "fields": {"action_time": "2018-11-17T14:03:25.883Z", "user": 1, "content_type": 5, "object_id": "1", "object_repr": "Fall 2018", "action_flag": 2, "change_message": "[{\"changed\": {\"fields\": [\"shows\"]}}]"}}, {"model": "admin.logentry", "pk": 80, "fields": {"action_time": "2018-11-17T14:05:21.162Z", "user": 1, "content_type": 11, "object_id": "3", "object_repr": "(2018-11-18 18:00:00+00:00, Scotty McCreedy, Fall 2018, Shawn Edwards)", "action_flag": 1, "change_message": "[{\"added\": {}}]"}}, {"model": "admin.logentry", "pk": 81, "fields": {"action_time": "2018-11-17T16:32:33.544Z", "user": 1, "content_type": 2, "object_id": "4", "object_repr": "2018-11-20 12:00", "action_flag": 1, "change_message": "[{\"added\": {}}]"}}, {"model": "admin.logentry", "pk": 82, "fields": {"action_time": "2018-11-17T16:32:50.306Z", "user": 1, "content_type": 9, "object_id": "4", "object_repr": "Scotty McCreedy", "action_flag": 2, "change_message": "[{\"changed\": {\"fields\": [\"performances\"]}}]"}}, {"model": "admin.logentry", "pk": 83, "fields": {"action_time": "2018-11-17T17:01:43.780Z", "user": 1, "content_type": 11, "object_id": "4", "object_repr": "(2018-11-17 23:51:06+00:00, John Prine, Fall 2018, Shawn Edwards)", "action_flag": 1, "change_message": "[{\"added\": {}}]"}}, {"model": "admin.logentry", "pk": 84, "fields": {"action_time": "2018-11-18T02:51:03.655Z", "user": 1, "content_type": 11, "object_id": "14", "object_repr": ")", "action_flag": 3, "change_message": ""}}, {"model": "admin.logentry", "pk": 85, "fields": {"action_time": "2018-11-18T02:51:03.658Z", "user": 1, "content_type": 11, "object_id": "13", "object_repr": ")", "action_flag": 3, "change_message": ""}}, {"model": "admin.logentry", "pk": 86, "fields": {"action_time": "2018-11-18T02:51:03.660Z", "user": 1, "content_type": 11, "object_id": "12", "object_repr": ")", "action_flag": 3, "change_message": ""}}, {"model": "admin.logentry", "pk": 87, "fields": {"action_time": "2018-11-18T02:51:03.661Z", "user": 1, "content_type": 11, "object_id": "11", "object_repr": ")", "action_flag": 3, "change_message": ""}}, {"model": "admin.logentry", "pk": 88, "fields": {"action_time": "2018-11-18T02:51:03.663Z", "user": 1, "content_type": 11, "object_id": "10", "object_repr": ")", "action_flag": 3, "change_message": ""}}, {"model": "admin.logentry", "pk": 89, "fields": {"action_time": "2018-11-18T02:51:03.667Z", "user": 1, "content_type": 11, "object_id": "9", "object_repr": ")", "action_flag": 3, "change_message": ""}}, {"model": "admin.logentry", "pk": 90, "fields": {"action_time": "2018-11-18T02:51:03.676Z", "user": 1, "content_type": 11, "object_id": "8", "object_repr": ")", "action_flag": 3, "change_message": ""}}, {"model": "admin.logentry", "pk": 91, "fields": {"action_time": "2018-11-18T02:51:03.677Z", "user": 1, "content_type": 11, "object_id": "7", "object_repr": ")", "action_flag": 3, "change_message": ""}}, {"model": "admin.logentry", "pk": 92, "fields": {"action_time": "2018-11-18T02:51:03.678Z", "user": 1, "content_type": 11, "object_id": "6", "object_repr": ")", "action_flag": 3, "change_message": ""}}, {"model": "admin.logentry", "pk": 93, "fields": {"action_time": "2018-11-18T02:51:03.680Z", "user": 1, "content_type": 11, "object_id": "5", "object_repr": ")", "action_flag": 3, "change_message": ""}}, {"model": "admin.logentry", "pk": 94, "fields": {"action_time": "2018-11-18T02:51:25.064Z", "user": 1, "content_type": 1, "object_id": "2", "object_repr": "Andy  Towers", "action_flag": 3, "change_message": ""}}, {"model": "admin.logentry", "pk": 95, "fields": {"action_time": "2018-11-18T02:52:28.462Z", "user": 1, "content_type": 11, "object_id": "15", "object_repr": ")", "action_flag": 2, "change_message": "[{\"changed\": {\"fields\": [\"season\"]}}]"}}, {"model": "admin.logentry", "pk": 96, "fields": {"action_time": "2018-11-18T02:55:01.430Z", "user": 1, "content_type": 11, "object_id": "19", "object_repr": ")", "action_flag": 1, "change_message": "[{\"added\": {}}]"}}, {"model": "admin.logentry", "pk": 97, "fields": {"action_time": "2018-11-18T02:55:54.752Z", "user": 1, "content_type": 11, "object_id": "20", "object_repr": ")", "action_flag": 1, "change_message": "[{\"added\": {}}]"}}, {"model": "admin.logentry", "pk": 98, "fields": {"action_time": "2018-11-18T03:37:23.844Z", "user": 1, "content_type": 2, "object_id": "3", "object_repr": "2018-11-18 18:00", "action_flag": 2, "change_message": "[{\"changed\": {\"fields\": [\"theater\"]}}]"}}, {"model": "admin.logentry", "pk": 99, "fields": {"action_time": "2018-11-18T03:37:28.992Z", "user": 1, "content_type": 2, "object_id": "3", "object_repr": "2018-11-18 18:00", "action_flag": 2, "change_message": "[{\"changed\": {\"fields\": [\"theater\"]}}]"}}, {"model": "admin.logentry", "pk": 100, "fields": {"action_time": "2018-11-18T03:39:21.589Z", "user": 1, "content_type": 2, "object_id": "5", "object_repr": "2018-11-18 03:39", "action_flag": 1, "change_message": "[{\"added\": {}}]"}}, {"model": "admin.logentry", "pk": 101, "fields": {"action_time": "2018-11-18T03:39:47.044Z", "user": 1, "content_type": 9, "object_id": "4", "object_repr": "Scotty McCreedy", "action_flag": 2, "change_message": "[{\"changed\": {\"fields\": [\"performances\"]}}]"}}, {"model": "admin.logentry", "pk": 102, "fields": {"action_time": "2018-11-18T04:55:13.919Z", "user": 1, "content_type": 11, "object_id": "24", "object_repr": "(2018-11-18 18:00:00+00:00, Scotty McCreedy, Matthew Annerton)", "action_flag": 3, "change_message": ""}}, {"model": "admin.logentry", "pk": 103, "fields": {"action_time": "2018-11-18T04:55:13.934Z", "user": 1, "content_type": 11, "object_id": "23", "object_repr": "(2018-11-18 18:00:00+00:00, Scotty McCreedy, Matthew Annerton)", "action_flag": 3, "change_message": ""}}, {"model": "admin.logentry", "pk": 104, "fields": {"action_time": "2018-11-18T04:55:13.950Z", "user": 1, "content_type": 11, "object_id": "22", "object_repr": "(2018-11-18 18:00:00+00:00, Scotty McCreedy, Shawn Edwards)", "action_flag": 3, "change_message": ""}}, {"model": "admin.logentry", "pk": 105, "fields": {"action_time": "2018-11-18T04:55:13.960Z", "user": 1, "content_type": 11, "object_id": "21", "object_repr": "(2018-11-18 18:00:00+00:00, Scotty McCreedy, Andy Towers)", "action_flag": 3, "change_message": ""}}, {"model": "admin.logentry", "pk": 106, "fields": {"action_time": "2018-11-18T04:55:13.973Z", "user": 1, "content_type": 11, "object_id": "18", "object_repr": "(2018-11-18 18:00:00+00:00, Scotty McCreedy, Andy Towers)", "action_flag": 3, "change_message": ""}}, {"model": "admin.logentry", "pk": 107, "fields": {"action_time": "2018-11-18T04:55:13.989Z", "user": 1, "content_type": 11, "object_id": "17", "object_repr": "(2018-11-18 18:00:00+00:00, Scotty McCreedy, Andy Towers)", "action_flag": 3, "change_message": ""}}, {"model": "admin.logentry", "pk": 108, "fields": {"action_time": "2018-11-18T04:55:14.007Z", "user": 1, "content_type": 11, "object_id": "16", "object_repr": "(2018-11-18 18:00:00+00:00, Scotty McCreedy, Andy Towers)", "action_flag": 3, "change_message": ""}}, {"model": "webapp.show", "pk": 1, "fields": {"name": "MacBeth", "img": "test.png", "runtime": "4 hrs.", "genre": "Fiction", "summary": "A Show about something.", "group": [1, 5], "performances": [1]}}, {"model": "webapp.show", "pk": 2, "fields": {"name": "Hamlet", "img": "hamlet.png", "runtime": "3hrs, 22 min.", "genre": "Shakespeare", "summary": "Lots of people get upset and die", "group": [5, 6], "performances": [2]}}, {"model": "webapp.show", "pk": 3, "fields": {"name": "John Prine", "img": "img/johnPrine.png", "runtime": "4hrs. 1 min.", "genre": "Tragedy", "summary": "Please waste your time with this one!", "group": [5, 6], "performances": [1, 2]}}, {"model": "webapp.show", "pk": 4, "fields": {"name": "Scotty McCreedy", "img": "img/scottyMcCreedy.png", "runtime": "3hrs. 1 min.", "genre": "Drama", "summary": "Do you want to waste your time with this one?", "group": [5, 7], "performances": [3, 4, 5]}}]