[{"model": "webapp.seat", "pk": 1, "fields": {"number": 1, "handicapped": false}}, {"model": "webapp.seat", "pk": 2, "fields": {"number": 2, "handicapped": false}}, {"model": "webapp.seat", "pk": 3, "fields": {"number": 3, "handicapped": false}}, {"model": "webapp.seat", "pk": 4, "fields": {"number": 4, "handicapped": false}}, {"model": "webapp.seat", "pk": 5, "fields": {"number": 5, "handicapped": false}}, {"model": "webapp.seat", "pk": 6, "fields": {"number": 6, "handicapped": false}}, {"model": "webapp.seat", "pk": 7, "fields": {"number": 7, "handicapped": false}}, {"model": "webapp.seat", "pk": 8, "fields": {"number": 8, "handicapped": false}}, {"model": "webapp.seat", "pk": 9, "fields": {"number": 9, "handicapped": false}}, {"model": "webapp.seat", "pk": 10, "fields": {"number": 10, "handicapped": false}}, {"model": "webapp.seat", "pk": 11, "fields": {"number": 11, "handicapped": false}}, {"model": "webapp.seat", "pk": 12, "fields": {"number": 12, "handicapped": false}}, {"model": "webapp.seat", "pk": 13, "fields": {"number": 13, "handicapped": false}}, {"model": "webapp.seat", "pk": 14, "fields": {"number": 14, "handicapped": false}}, {"model": "webapp.seat", "pk": 15, "fields": {"number": 15, "handicapped": false}}, {"model": "webapp.seat", "pk": 16, "fields": {"number": 16, "handicapped": false}}, {"model": "webapp.seat", "pk": 17, "fields": {"number": 17, "handicapped": false}}, {"model": "webapp.seat", "pk": 18, "fields": {"number": 18, "handicapped": false}}, {"model": "webapp.seat", "pk": 19, "fields": {"number": 19, "handicapped": false}}, {"model": "webapp.seat", "pk": 20, "fields": {"number": 20, "handicapped": false}}, {"model": "webapp.seat", "pk": 21, "fields": {"number": 21, "handicapped": false}}, {"model": "webapp.seat", "pk": 22, "fields": {"number": 22, "handicapped": false}}, {"model": "webapp.seat", "pk": 23, "fields": {"number": 23, "handicapped": false}}, {"model": "webapp.seat", "pk": 24, "fields": {"number": 24, "handicapped": false}}, {"model": "webapp.seat", "pk": 25, "fields": {"number": 25, "handicapped": false}}, {"model": "webapp.seat", "pk": 26, "fields": {"number": 26, "handicapped": false}}, {"model": "webapp.seat", "pk": 27, "fields": {"number": 27, "handicapped": false}}, {"model": "webapp.seat", "pk": 28, "fields": {"number": 28, "handicapped": false}}, {"model": "webapp.seat", "pk": 29, "fields": {"number": 29, "handicapped": false}}, {"model": "webapp.seat", "pk": 30, "fields": {"number": 30, "handicapped": false}}, {"model": "webapp.seat", "pk": 31, "fields": {"number": 31, "handicapped": false}}, {"model": "webapp.seat", "pk": 32, "fields": {"number": 32, "handicapped": false}}, {"model": "webapp.seat", "pk": 33, "fields": {"number": 33, "handicapped": false}}, {"model": "webapp.seat", "pk": 34, "fields": {"number": 34, "handicapped": false}}, {"model": "webapp.seat", "pk": 35, "fields": {"number": 35, "handicapped": false}}, {"model": "webapp.seat", "pk": 36, "fields": {"number": 36, "handicapped": false}}, {"model": "webapp.seat", "pk": 37, "fields": {"number": 37, "handicapped": false}}, {"model": "webapp.seat", "pk": 38, "fields": {"number": 38, "handicapped": false}}, {"model": "webapp.seat", "pk": 39, "fields": {"number": 39, "handicapped": false}}, {"model": "webapp.seat", "pk": 40, "fields": {"number": 40, "handicapped": false}}, {"model": "webapp.seat", "pk": 41, "fields": {"number": 41, "handicapped": false}}, {"model": "webapp.seat", "pk": 42, "fields": {"number": 42, "handicapped": false}}, {"model": "webapp.seat", "pk": 43, "fields": {"number": 43, "handicapped": false}}, {"model": "webapp.seat", "pk": 44, "fields": {"number": 44, "handicapped": false}}, {"model": "webapp.seat", "pk": 45, "fields": {"number": 45, "handicapped": false}}, {"model": "webapp.seat", "pk": 46, "fields": {"number": 46, "handicapped": false}}, {"model": "webapp.seat", "pk": 47, "fields": {"number": 47, "handicapped": false}}, {"model": "webapp.seat", "pk": 48, "fields": {"number": 48, "handicapped": false}}, {"model": "webapp.seat", "pk": 49, "fields": {"number": 49, "handicapped": false}}, {"model": "webapp.seat", "pk": 50, "fields": {"number": 50, "handicapped": false}}, {"model": "webapp.seat", "pk": 51, "fields": {"number": 51, "handicapped": false}}, {"model": "webapp.seat", "pk": 52, "fields": {"number": 52, "handicapped": false}}, {"model": "webapp.seat", "pk": 53, "fields": {"number": 53, "handicapped": false}}, {"model": "webapp.seat", "pk": 54, "fields": {"number": 54, "handicapped": false}}, {"model": "webapp.seat", "pk": 55, "fields": {"number": 55, "handicapped": false}}, {"model": "webapp.seat", "pk": 56, "fields": {"number": 56, "handicapped": false}}, {"model": "webapp.seat", "pk": 57, "fields": {"number": 57, "handicapped": false}}, {"model": "webapp.seat", "pk": 58, "fields": {"number": 58, "handicapped": false}}, {"model": "webapp.seat", "pk": 59, "fields": {"number": 59, "handicapped": false}}, {"model": "webapp.seat", "pk": 60, "fields": {"number": 60, "handicapped": false}}, {"model": "webapp.seat", "pk": 61, "fields": {"number": 61, "handicapped": false}}, {"model": "webapp.seat", "pk": 62, "fields": {"number": 62, "handicapped": false}}, {"model": "webapp.seat", "pk": 70, "fields": {"number": 34, "handicapped": true}}, {"model": "webapp.seat", "pk": 71, "fields": {"number": 36, "handicapped": true}}, {"model": "webapp.seat", "pk": 72, "fields": {"number": 38, "handicapped": true}}, {"model": "webapp.row", "pk": 1, "fields": {"name": "A", "seats": [1, 2, 3, 4, 5, 6, 7, 8, 9, 10, 11, 12, 13, 14, 15, 16, 17, 18, 19, 20, 21, 22, 23, 24, 25, 26, 27, 28, 29, 30, 31, 32, 33, 34, 35, 36]}}, {"model": "webapp.row", "pk": 2, "fields": {"name": "B", "seats": [1, 2, 3, 4, 5, 6, 7, 8, 9, 10, 11, 12, 13, 14, 15, 16, 17, 18, 19, 20, 21, 22, 23, 24, 25, 26, 27, 28, 29, 30, 31, 32, 33, 34, 35, 36, 37, 38]}}, {"model": "webapp.row", "pk": 3, "fields": {"name": "C", "seats": [1, 2, 3, 4, 5, 6, 7, 8, 9, 10, 11, 12, 13, 14, 15, 16, 17, 18, 19, 20, 21, 22, 23, 24, 25, 26, 27, 28, 29, 30, 31, 32, 33, 34, 35, 36, 37, 38, 39, 40, 41, 42]}}, {"model": "webapp.row", "pk": 4, "fields": {"name": "D", "seats": [1, 2, 3, 4, 5, 6, 7, 8, 9, 10, 11, 12, 13, 14, 15, 16, 17, 18, 19, 20, 21, 22, 23, 24, 25, 26, 27, 28, 29, 30, 31, 32, 33, 34, 35, 36, 37, 38, 39, 40, 41, 42]}}, {"model": "webapp.row", "pk": 5, "fields": {"name": "E", "seats": [1, 2, 3, 4, 5, 6, 7, 8, 9, 10, 11, 12, 13, 14, 15, 16, 17, 18, 19, 20, 21, 22, 23, 24, 25, 26, 27, 28, 29, 30, 31, 32, 33, 34, 35, 36, 37, 38, 39, 40, 41, 42, 43, 44]}}, {"model": "webapp.row", "pk": 6, "fields": {"name": "F", "seats": [2, 4, 6, 7, 8, 9, 10, 11, 12, 13, 14, 15, 16, 17, 18, 19, 20, 21, 22, 23, 24, 25, 26, 27, 28, 29, 30, 31, 32, 33, 35, 37, 70, 71, 72, 1, 34, 3, 36, 5, 38]}}, {"model": "webapp.row", "pk": 7, "fields": {"name": "G", "seats": [1, 2, 3, 4, 5, 6, 7, 8, 9, 10, 11, 12, 13, 14, 15, 16, 17, 18, 19, 20, 21, 22, 23, 24, 25, 26, 27, 28]}}, {"model": "webapp.row", "pk": 8, "fields": {"name": "H", "seats": [1, 2, 3, 4, 5, 6, 7, 8, 9, 10, 11, 12, 13, 14, 15, 16, 17, 18, 19, 20, 21, 22, 23, 24, 25, 26, 27, 28]}}, {"model": "webapp.row", "pk": 9, "fields": {"name": "I", "seats": [1, 2, 3, 4, 5, 6, 7, 8, 9, 10, 11, 12, 13, 14, 15, 16, 17, 18, 19, 20, 21, 22, 23, 24, 25, 26, 27, 28, 29, 30, 31, 32, 33, 34, 35, 36, 37, 38, 39, 40, 41, 42, 43, 44, 45, 46, 47, 48]}}, {"model": "webapp.row", "pk": 10, "fields": {"name": "J", "seats": [1, 2, 3, 4, 5, 6, 7, 8, 9, 10, 11, 12, 13, 14, 15, 16, 17, 18, 19, 20, 21, 22, 23, 24, 25, 26, 27, 28, 29, 30, 31, 32, 33, 34, 35, 36, 37, 38, 39, 40, 41, 42, 43, 44, 45, 46, 47, 48, 49, 50, 51, 52, 53, 54, 55, 56, 57, 58]}}, {"model": "webapp.row", "pk": 11, "fields": {"name": "K", "seats": [1, 2, 3, 4, 5, 6, 7, 8, 9, 10, 11, 12, 13, 14, 15, 16, 17, 18, 19, 20, 21, 22, 23, 24, 25, 26, 27, 28, 29, 30, 31, 32, 33, 34, 35, 36, 37, 38, 39, 40, 41, 42, 43, 44, 45, 46, 47, 48, 49, 50, 51, 52]}}, {"model": "webapp.row", "pk": 12, "fields": {"name": "L", "seats": [1, 2, 3, 4, 5, 6, 7, 8, 9, 10, 11, 12, 13, 14, 15, 16, 17, 18, 19, 20, 21, 22, 23, 24, 25, 26, 27, 28, 29, 30, 31, 32, 33, 34, 35, 36, 37, 38, 39, 40, 41, 42, 43, 44, 45, 46, 47, 48, 49, 50, 51, 52]}}, {"model": "webapp.row", "pk": 13, "fields": {"name": "M", "seats": [1, 2, 3, 4, 5, 6, 7, 8, 9, 10, 11, 12, 13, 14, 15, 16, 17, 18, 19, 20, 21, 22, 23, 24, 25, 26, 27, 28, 29, 30, 31, 32, 33, 34, 35, 36, 37, 38, 39, 40, 41, 42, 43, 44, 45, 46, 47, 48, 49, 50, 51, 52, 53, 54]}}, {"model": "webapp.row", "pk": 14, "fields": {"name": "N", "seats": [1, 2, 3, 4, 5, 6, 7, 8, 9, 10, 11, 12, 13, 14, 15, 16, 17, 18, 19, 20, 21, 22, 23, 24, 25, 26, 27, 28, 29, 30, 31, 32, 33, 34, 35, 36, 37, 38, 39, 40, 41, 42, 43, 44, 45, 46, 47, 48, 49, 50, 51, 52, 53, 54, 55, 56, 57, 58]}}, {"model": "webapp.row", "pk": 15, "fields": {"name": "O", "seats": [1, 2, 3, 4, 5, 6, 7, 8, 9, 10, 11, 12, 13, 14, 15, 16, 17, 18, 19, 20, 21, 22, 23, 24, 25, 26, 27, 28, 29, 30, 31, 32, 33, 34, 35, 36, 37, 38, 39, 40, 41, 42, 43, 44, 45, 46, 47, 48, 49, 50, 51, 52, 53, 54]}}, {"model": "webapp.row", "pk": 16, "fields": {"name": "P", "seats": [1, 2, 3, 4, 5, 6, 7, 8, 9, 10, 11, 12, 13, 14, 15, 16, 17, 18, 19, 20, 21, 22, 23, 24, 25, 26, 27, 28, 29, 30, 31, 32, 33, 34, 35, 36, 37, 38, 39, 40, 41, 42, 43, 44, 45, 46]}}, {"model": "webapp.row", "pk": 17, "fields": {"name": "Q", "seats": [1, 2, 3, 4, 5, 6, 7, 8, 9, 10, 11, 12, 13, 14, 15, 16, 17, 18, 19, 20, 21, 22, 23, 24, 25, 26, 27, 28, 29, 30, 31, 32, 33, 34, 35, 36, 37, 38, 39, 40, 41, 42, 43, 44, 45, 46]}}, {"model": "webapp.row", "pk": 18, "fields": {"name": "R", "seats": [1, 2, 3, 4, 5, 6, 7, 8, 9, 10, 11, 12, 13, 14, 15, 16, 17, 18, 19, 20, 21, 22, 23, 24, 25, 26, 27, 28, 29, 30, 31, 32, 33, 34, 35, 36, 37, 38, 39, 40, 41, 42, 43, 44, 45, 46, 47, 48, 49, 50, 51]}}, {"model": "webapp.row", "pk": 19, "fields": {"name": "S", "seats": [1, 2, 3, 4, 5, 6, 7, 8, 9, 10, 11, 12, 13, 14, 15, 16, 17, 18, 19, 20, 21, 22, 23, 24, 25, 26, 27, 28, 29, 30, 31, 32, 33, 34, 35, 36, 37, 38, 39, 40, 41, 42, 43, 44, 45, 46, 47]}}, {"model": "webapp.row", "pk": 20, "fields": {"name": "T", "seats": [1, 2, 3, 4, 5, 6, 7, 8, 9, 10, 11, 12, 13, 14, 15, 16, 17, 18, 19, 20, 21, 22, 23, 24, 25, 26, 27, 28, 29, 30, 31, 32, 33, 34, 35, 36, 37, 38, 39, 40, 41, 42, 43, 44, 45, 46, 47, 48, 49, 50, 51, 52, 53, 54, 55, 56, 57, 58, 59, 60]}}, {"model": "webapp.row", "pk": 21, "fields": {"name": "U", "seats": [1, 2, 3, 4, 5, 6, 7, 8, 9, 10, 11, 12, 13, 14, 15, 16, 17, 18, 19, 20, 21, 22, 23, 24, 25, 26, 27, 28, 29, 30, 31, 32, 33, 34, 35, 36, 37, 38, 39, 40, 41, 42, 43, 44, 45, 46, 47, 48, 49, 50, 51, 52, 53, 54, 55, 56, 57, 58]}}, {"model": "webapp.row", "pk": 22, "fields": {"name": "V", "seats": [1, 2, 3, 4, 5, 6, 7, 8, 9, 10, 11, 12, 13, 14, 15, 16, 17, 18, 19, 20, 21, 22, 23, 24, 25, 26, 27, 28, 29, 30, 31, 32, 33, 34, 35, 36, 37, 38, 39, 40, 41, 42, 43, 44, 45, 46, 47, 48, 49, 50, 51, 52, 53, 54, 55, 56, 57, 58, 59, 60, 61, 62]}}, {"model": "webapp.row", "pk": 23, "fields": {"name": "W", "seats": [1, 2, 3, 4, 5, 6, 7, 8, 9, 10, 11, 12, 13, 14, 15, 16, 17, 18, 19, 20, 21, 22, 23, 24, 25, 26, 27, 28, 29, 30, 31, 32, 33, 34, 35, 36, 37, 38, 39, 40, 41, 42, 43, 44, 45, 46, 47, 48, 49, 50, 51, 52, 53, 54, 55, 56, 57, 58]}}, {"model": "webapp.row", "pk": 24, "fields": {"name": "X", "seats": [1, 2, 3, 4, 5, 6, 7, 8, 9, 10, 11, 12, 13, 14, 15, 16, 17, 18, 19, 20, 21, 22, 23, 24, 25, 26, 27, 28, 29, 30, 31, 32, 33, 34, 35, 36, 37, 38, 39, 40, 41, 42, 43, 44, 45, 46, 47, 48, 49, 50, 51, 52, 53, 54, 55, 56, 57, 58]}}, {"model": "webapp.row", "pk": 25, "fields": {"name": "Y", "seats": [1, 2, 3, 4, 5, 6, 7, 8, 9, 10, 11, 12, 13, 14, 15, 16, 17, 18, 19, 20, 21, 22, 23, 24, 25, 26, 27, 28, 29, 30, 31, 32, 33, 34, 35, 36, 37, 38, 39, 40, 41, 42, 43, 44, 45, 46, 47, 48, 49, 50, 51, 52, 53, 54, 55, 56, 57, 58]}}, {"model": "webapp.row", "pk": 26, "fields": {"name": "Z", "seats": [1, 2, 3, 4, 5, 6, 7, 8, 9, 10, 11, 12, 13, 14, 15, 16, 17, 18, 19, 20, 21, 22, 23, 24, 25, 26, 27, 28, 29, 30, 31, 32, 33, 34, 35, 36, 37, 38, 39, 40, 41, 42, 43, 44, 45, 46, 47, 48, 49, 50, 51, 52, 53, 54, 55, 56, 57, 58]}}, {"model": "webapp.row", "pk": 27, "fields": {"name": "R3A", "seats": [1, 2, 3, 4, 5]}}, {"model": "webapp.row", "pk": 28, "fields": {"name": "HC", "seats": [1, 2]}}, {"model": "webapp.row", "pk": 29, "fields": {"name": "R1A", "seats": [1, 2]}}, {"model": "webapp.row", "pk": 30, "fields": {"name": "R1B", "seats": [1, 2, 3]}}, {"model": "webapp.row", "pk": 31, "fields": {"name": "R1C", "seats": [1, 2, 3, 4]}}, {"model": "webapp.row", "pk": 32, "fields": {"name": "R1D", "seats": [1, 2, 3, 4]}}, {"model": "webapp.row", "pk": 33, "fields": {"name": "R1E", "seats": [1, 2, 3, 4, 5]}}, {"model": "webapp.row", "pk": 34, "fields": {"name": "R1F", "seats": [1, 2, 3, 4, 5, 6]}}, {"model": "webapp.row", "pk": 35, "fields": {"name": "R1G", "seats": [1, 2, 3, 4, 5, 6]}}, {"model": "webapp.row", "pk": 36, "fields": {"name": "R2A", "seats": [1, 2, 3, 4, 5]}}, {"model": "webapp.row", "pk": 37, "fields": {"name": "R2B", "seats": [1, 2, 3, 4, 5, 6, 7, 8]}}, {"model": "webapp.row", "pk": 38, "fields": {"name": "R2C", "seats": [1, 2, 3, 4, 5, 6, 7, 8, 9]}}, {"model": "webapp.row", "pk": 39, "fields": {"name": "R2D", "seats": [1, 2, 3, 4, 5, 6, 7, 8, 9, 10, 11, 12]}}, {"model": "webapp.row", "pk": 40, "fields": {"name": "R2E", "seats": [1, 2, 3, 4, 5, 6, 7, 8, 9, 10, 11, 12, 13, 14]}}, {"model": "webapp.row", "pk": 41, "fields": {"name": "R2F", "seats": [1, 2, 3, 4, 5, 6, 7, 8, 9, 10, 11, 12, 13, 14, 15, 16, 17]}}, {"model": "webapp.row", "pk": 42, "fields": {"name": "R2G", "seats": [1, 2, 3, 4, 5, 6, 7, 8, 9, 10, 11, 12, 13, 14, 15, 16, 17, 18]}}, {"model": "webapp.row", "pk": 43, "fields": {"name": "R3A", "seats": [6, 7, 8, 9, 10]}}, {"model": "webapp.row", "pk": 44, "fields": {"name": "R3B", "seats": [1, 2, 3, 4, 5, 6, 7, 8]}}, {"model": "webapp.row", "pk": 45, "fields": {"name": "R3C", "seats": [1, 2, 3, 4, 5, 6, 7, 8, 9]}}, {"model": "webapp.row", "pk": 46, "fields": {"name": "R3D", "seats": [1, 2, 3, 4, 5, 6, 7, 8, 9, 10, 11, 12]}}, {"model": "webapp.row", "pk": 47, "fields": {"name": "R3E", "seats": [1, 2, 3, 4, 5, 6, 7, 8, 9, 10, 11, 12, 13, 14]}}, {"model": "webapp.row", "pk": 48, "fields": {"name": "R3F", "seats": [1, 2, 3, 4, 5, 6, 7, 8, 9, 10, 11, 12, 13, 14, 15, 16, 17]}}, {"model": "webapp.row", "pk": 49, "fields": {"name": "R3G", "seats": [1, 2, 3, 4, 5, 6, 7, 8, 9, 10, 11, 12, 13, 14, 15, 16, 17, 18]}}, {"model": "webapp.row", "pk": 50, "fields": {"name": "R4A", "seats": [1, 2]}}, {"model": "webapp.row", "pk": 51, "fields": {"name": "R4B", "seats": [1, 2, 3]}}, {"model": "webapp.row", "pk": 52, "fields": {"name": "R4C", "seats": [1, 2, 3, 4]}}, {"model": "webapp.row", "pk": 53, "fields": {"name": "R4D", "seats": [1, 2, 3, 4]}}, {"model": "webapp.row", "pk": 54, "fields": {"name": "R4E", "seats": [1, 2, 3, 4, 5]}}, {"model": "webapp.row", "pk": 55, "fields": {"name": "R4F", "seats": [1, 2, 3, 4, 5, 6]}}, {"model": "webapp.row", "pk": 56, "fields": {"name": "R4G", "seats": [1, 2, 3, 4, 5, 6]}}, {"model": "webapp.row", "pk": 57, "fields": {"name": "L0A", "seats": [1, 2, 3, 4]}}, {"model": "webapp.row", "pk": 58, "fields": {"name": "L1A", "seats": [1, 2, 3, 4, 5, 6]}}, {"model": "webapp.row", "pk": 59, "fields": {"name": "L2A", "seats": [1, 2, 3, 4, 5, 6, 7, 8, 9, 10]}}, {"model": "webapp.row", "pk": 60, "fields": {"name": "L3A", "seats": [1, 2, 3, 4, 5, 6, 7, 8, 9, 10]}}, {"model": "webapp.row", "pk": 61, "fields": {"name": "L4A", "seats": [1, 2, 3, 4, 5, 6, 7]}}, {"model": "webapp.row", "pk": 62, "fields": {"name": "L5A", "seats": [5, 6, 7, 8]}}, {"model": "webapp.row", "pk": 63, "fields": {"name": "L1B", "seats": [1, 2, 3, 4, 5]}}, {"model": "webapp.row", "pk": 64, "fields": {"name": "L2B", "seats": [1, 2, 3, 4, 5, 6, 7, 8, 9, 10, 11, 12]}}, {"model": "webapp.row", "pk": 65, "fields": {"name": "L3B", "seats": [1, 2, 3, 4, 5, 6, 7, 8, 9, 10, 11, 12]}}, {"model": "webapp.row", "pk": 66, "fields": {"name": "L4B", "seats": [1, 2, 3, 4, 5, 6]}}, {"model": "webapp.row", "pk": 67, "fields": {"name": "L1C", "seats": [1, 2, 3, 4]}}, {"model": "webapp.row", "pk": 68, "fields": {"name": "L2C", "seats": [1, 2, 3, 4, 5, 6, 7, 8, 9, 10, 11, 12, 13, 14]}}, {"model": "webapp.row", "pk": 69, "fields": {"name": "L3C", "seats": [1, 2, 3, 4, 5, 6, 7, 8, 9, 10, 11, 12, 13, 14]}}, {"model": "webapp.row", "pk": 70, "fields": {"name": "L4C", "seats": [1, 2, 3, 4, 5, 6]}}, {"model": "webapp.row", "pk": 71, "fields": {"name": "S1A", "seats": [1, 2, 3, 4, 5, 6, 7, 8]}}, {"model": "webapp.row", "pk": 72, "fields": {"name": "S1B", "seats": [1, 2, 3, 4, 5, 6, 7, 8]}}, {"model": "webapp.row", "pk": 73, "fields": {"name": "S1C", "seats": [1, 2, 3, 4, 5, 6, 7, 8]}}, {"model": "webapp.row", "pk": 74, "fields": {"name": "S1D", "seats": [1, 2, 3, 4, 5, 6, 7, 8]}}, {"model": "webapp.row", "pk": 75, "fields": {"name": "S1E", "seats": [1, 2, 3, 4, 5, 6, 7, 8]}}, {"model": "webapp.row", "pk": 76, "fields": {"name": "S1G", "seats": [1, 3, 5]}}, {"model": "webapp.row", "pk": 77, "fields": {"name": "S2A", "seats": [1, 2, 3, 4, 5, 6, 7, 8, 9, 10, 11, 12, 13]}}, {"model": "webapp.row", "pk": 78, "fields": {"name": "S2B", "seats": [1, 2, 3, 4, 5, 6, 7, 8, 9, 10, 11, 12, 13]}}, {"model": "webapp.row", "pk": 79, "fields": {"name": "S2C", "seats": [1, 2, 3, 4, 5, 6, 7, 8, 9, 10, 11, 12, 13]}}, {"model": "webapp.row", "pk": 80, "fields": {"name": "S2D", "seats": [1, 2, 3, 4, 5, 6, 7, 8, 9, 10, 11, 12, 13]}}, {"model": "webapp.row", "pk": 81, "fields": {"name": "S2E", "seats": [1, 2, 3, 4, 5, 6, 7, 8, 9, 10, 11, 12, 13]}}, {"model": "webapp.row", "pk": 82, "fields": {"name": "S2F", "seats": [1, 2, 3, 4, 5, 6, 7, 8, 9, 10, 11, 12]}}, {"model": "webapp.row", "pk": 83, "fields": {"name": "S2G", "seats": [1, 2, 3, 4, 5, 6, 7, 8, 9, 10, 11, 12]}}, {"model": "webapp.row", "pk": 84, "fields": {"name": "S3A", "seats": [1, 2, 3, 4, 5, 6, 7, 8, 9, 10, 11, 12, 13, 14]}}, {"model": "webapp.row", "pk": 85, "fields": {"name": "S3B", "seats": [1, 2, 3, 4, 5, 6, 7, 8, 9, 10, 11, 12, 13, 14]}}, {"model": "webapp.row", "pk": 86, "fields": {"name": "S3C", "seats": [1, 2, 3, 4, 5, 6, 7, 8, 9, 10, 11, 12, 13, 14]}}, {"model": "webapp.row", "pk": 87, "fields": {"name": "S3D", "seats": [1, 2, 3, 4, 5, 6, 7, 8, 9, 10, 11, 12, 13, 14]}}, {"model": "webapp.row", "pk": 88, "fields": {"name": "S3E", "seats": [1, 2, 3, 4, 5, 6, 7, 8, 9, 10, 11, 12, 13, 14]}}, {"model": "webapp.row", "pk": 89, "fields": {"name": "S3G", "seats": [1, 2, 3, 4, 5, 6, 7, 8]}}, {"model": "webapp.row", "pk": 90, "fields": {"name": "S4A", "seats": [1, 2, 3, 4, 5, 6, 7, 8, 9, 10, 11, 12, 13]}}, {"model": "webapp.row", "pk": 91, "fields": {"name": "S4B", "seats": [1, 2, 3, 4, 5, 6, 7, 8, 9, 10, 11, 12, 13]}}, {"model": "webapp.row", "pk": 92, "fields": {"name": "S4C", "seats": [1, 2, 3, 4, 5, 6, 7, 8, 9, 10, 11, 12, 13]}}, {"model": "webapp.row", "pk": 93, "fields": {"name": "S4D", "seats": [1, 2, 3, 4, 5, 6, 7, 8, 9, 10, 11, 12, 13]}}, {"model": "webapp.row", "pk": 94, "fields": {"name": "S4E", "seats": [1, 2, 3, 4, 5, 6, 7, 8, 9, 10, 11, 12, 13]}}, {"model": "webapp.row", "pk": 95, "fields": {"name": "S4F", "seats": [1, 2, 3, 4, 5, 6, 7, 8, 9, 10, 11, 12]}}, {"model": "webapp.row", "pk": 96, "fields": {"name": "S4G", "seats": [1, 2, 3, 4, 5, 6, 7, 8, 9, 10, 11, 12]}}, {"model": "webapp.row", "pk": 97, "fields": {"name": "S5A", "seats": [1, 2, 3, 4, 5, 6, 7, 8]}}, {"model": "webapp.row", "pk": 98, "fields": {"name": "S5B", "seats": [1, 2, 3, 4, 5, 6, 7, 8]}}, {"model": "webapp.row", "pk": 99, "fields": {"name": "S5C", "seats": [1, 2, 3, 4, 5, 6, 7, 8]}}, {"model": "webapp.row", "pk": 100, "fields": {"name": "S5D", "seats": [1, 2, 3, 4, 5, 6, 7, 8]}}, {"model": "webapp.row", "pk": 101, "fields": {"name": "S5E", "seats": [1, 2, 3, 4, 5, 6, 7, 8]}}, {"model": "webapp.row", "pk": 102, "fields": {"name": "S5G", "seats": [1, 2, 3, 4, 5, 6]}}, {"model": "webapp.row", "pk": 103, "fields": {"name": "S1H", "seats": [1, 2, 3, 4, 5, 6, 7, 8]}}, {"model": "webapp.row", "pk": 104, "fields": {"name": "S1I", "seats": [1, 2, 3, 4, 5, 6, 7, 8]}}, {"model": "webapp.row", "pk": 105, "fields": {"name": "S1J", "seats": [1, 2, 3, 4, 5, 6, 7]}}, {"model": "webapp.row", "pk": 106, "fields": {"name": "S1K", "seats": [1, 2, 3, 4, 5, 6, 7]}}, {"model": "webapp.row", "pk": 107, "fields": {"name": "S1L", "seats": [1, 2, 3, 4, 5, 6, 7]}}, {"model": "webapp.row", "pk": 108, "fields": {"name": "S2H", "seats": [1, 2, 3, 4, 5, 6, 7, 8, 9, 10, 11, 12]}}, {"model": "webapp.row", "pk": 109, "fields": {"name": "S2I", "seats": [1, 2, 3, 4, 5, 6, 7, 8, 9, 10, 11, 12]}}, {"model": "webapp.row", "pk": 110, "fields": {"name": "S2J", "seats": [1, 2, 3, 4, 5, 6, 7, 8, 9, 10, 11, 12]}}, {"model": "webapp.row", "pk": 111, "fields": {"name": "S2K", "seats": [1, 2, 3, 4, 5, 6, 7, 8, 9, 10, 11, 12]}}, {"model": "webapp.row", "pk": 112, "fields": {"name": "S2L", "seats": [1, 2, 3, 4, 5, 6, 7, 8, 9, 10, 11, 12]}}, {"model": "webapp.row", "pk": 113, "fields": {"name": "S3H", "seats": [1, 2, 3, 4, 5, 6, 7, 8, 9, 10, 11, 12, 13, 14]}}, {"model": "webapp.row", "pk": 114, "fields": {"name": "S3I", "seats": [1, 2, 3, 4, 5, 6, 7, 8, 9, 10, 11, 12, 13, 14]}}, {"model": "webapp.row", "pk": 115, "fields": {"name": "S3J", "seats": [1, 2, 3, 4, 5, 6, 7, 8, 9, 10, 11, 12, 13, 14]}}, {"model": "webapp.row", "pk": 116, "fields": {"name": "S3K", "seats": [1, 2, 3, 4, 5, 6, 7, 8, 9, 10, 11, 12, 13, 14]}}, {"model": "webapp.row", "pk": 117, "fields": {"name": "S3L", "seats": [1, 2, 3, 4, 5, 6, 7, 8, 9, 10, 11, 12, 13, 14, 15, 16, 17, 18, 19, 20]}}, {"model": "webapp.row", "pk": 118, "fields": {"name": "S4H", "seats": [1, 2, 3, 4, 5, 6, 7, 8, 9]}}, {"model": "webapp.row", "pk": 119, "fields": {"name": "S4I", "seats": [1, 2, 3, 4, 5, 6, 7, 8, 9]}}, {"model": "webapp.row", "pk": 120, "fields": {"name": "S4J", "seats": [1, 2, 3, 4, 5, 6, 7, 8, 9]}}, {"model": "webapp.row", "pk": 121, "fields": {"name": "S4K", "seats": [1, 2, 3, 4, 5, 6, 7, 8, 9]}}, {"model": "webapp.row", "pk": 122, "fields": {"name": "S4L", "seats": [1, 2, 3, 4, 5, 6, 7, 8, 9]}}, {"model": "webapp.row", "pk": 123, "fields": {"name": "S5H", "seats": [1, 2, 3, 4, 5, 6, 7, 8]}}, {"model": "webapp.row", "pk": 124, "fields": {"name": "S5I", "seats": [1, 2, 3, 4, 5, 6, 7, 8]}}, {"model": "webapp.row", "pk": 125, "fields": {"name": "S5J", "seats": [1, 2, 3, 4, 5, 6, 7]}}, {"model": "webapp.row", "pk": 126, "fields": {"name": "S5K", "seats": [1, 2, 3, 4, 5, 6, 7]}}, {"model": "webapp.row", "pk": 127, "fields": {"name": "S5L", "seats": [1, 2, 3, 4, 5, 6, 7]}}, {"model": "webapp.pricegroup", "pk": 1, "fields": {"name": "Normal", "price": "10.00"}}, {"model": "webapp.pricegroup", "pk": 2, "fields": {"name": "Premium", "price": "20.00"}}, {"model": "webapp.pricegroup", "pk": 4, "fields": {"name": "LockHeed Martin Company Pricing", "price": "5.00"}}, {"model": "webapp.pricegroup", "pk": 5, "fields": {"name": "Front Military", "price": "8.00"}}, {"model": "webapp.pricegroup", "pk": 6, "fields": {"name": "Front Child", "price": "7.00"}}, {"model": "webapp.pricegroup", "pk": 7, "fields": {"name": "Front Senior", "price": "9.00"}}, {"model": "webapp.pricegroup", "pk": 8, "fields": {"name": "Back Military", "price": "16.00"}}, {"model": "webapp.pricegroup", "pk": 9, "fields": {"name": "Back Senior", "price": "18.00"}}, {"model": "webapp.pricegroup", "pk": 10, "fields": {"name": "Back Child", "price": "14.00"}}, {"model": "webapp.section", "pk": 1, "fields": {"name": "Front", "rows": [28, 29, 30, 31, 32, 33, 34, 35, 36, 37, 38, 39, 40, 41, 42, 43, 44, 45, 46, 47, 48, 49, 50, 51, 52, 53, 54, 55, 56, 57, 58, 59, 60, 61, 62, 63, 64, 65, 66, 67, 68, 69, 70], "pricegroups": [1, 4, 5, 6, 7]}}, {"model": "webapp.section", "pk": 2, "fields": {"name": "Back", "rows": [16, 17, 18, 19, 20, 21, 22, 23, 24, 25, 26, 71, 72, 73, 74, 75, 76, 77, 78, 79, 80, 81, 82, 83, 84, 85, 86, 87, 88, 89, 90, 91, 92, 93, 94, 95, 96, 97, 98, 99, 100, 101, 102, 103, 104, 105, 106, 107, 108, 109, 110, 111, 112, 113, 114, 115, 116, 117, 118, 119, 120, 121, 122, 123, 124, 125, 126, 127], "pricegroups": [2, 8, 9, 10]}}, {"model": "webapp.theater", "pk": 1, "fields": {"name": "Playhouse Theater", "location": "Von Braun Center", "sections": [1, 2]}}, {"model": "webapp.theater", "pk": 2, "fields": {"name": "Concert Hall", "location": "Von Braun Center", "sections": [1, 2]}}, {"model": "webapp.theater", "pk": 3, "fields": {"name": "Test", "location": "Von Braun Center", "sections": [1, 2]}}, {"model": "webapp.performance", "pk": 1, "fields": {"time": "2018-11-15T02:22:22Z", "theater": [1]}}, {"model": "webapp.performance", "pk": 2, "fields": {"time": "2018-11-17T23:51:06Z", "theater": [2]}}, {"model": "webapp.performance", "pk": 3, "fields": {"time": "2018-11-18T18:00:00Z", "theater": [2]}}, {"model": "webapp.performance", "pk": 4, "fields": {"time": "2018-11-20T12:00:00Z", "theater": [1]}}, {"model": "webapp.performance", "pk": 5, "fields": {"time": "2018-11-18T03:39:19Z", "theater": [2]}}, {"model": "webapp.performance", "pk": 6, "fields": {"time": "2018-11-21T19:00:00Z", "theater": [1]}}, {"model": "webapp.performance", "pk": 7, "fields": {"time": "2018-11-28T19:00:00Z", "theater": [2]}}, {"model": "webapp.performance", "pk": 9, "fields": {"time": "2018-11-21T19:00:00Z", "theater": [2]}}, {"model": "webapp.season", "pk": 1, "fields": {"name": "Fall 2018", "shows": [1, 2, 3, 4]}}, {"model": "webapp.customer", "pk": 1, "fields": {"firstName": "Shawn", "middleName": "Matthias", "lastName": "Edwards", "address": "A house, Huntsville, AL, 35806", "email": "shawn@shawn.com", "phone": "+112345678"}}, {"model": "webapp.customer", "pk": 4, "fields": {"firstName": "Matthew", "middleName": "", "lastName": "Annerton", "address": "", "email": "", "phone": ""}}, {"model": "webapp.customer", "pk": 5, "fields": {"firstName": "Andy", "middleName": "", "lastName": "Towers", "address": "123 Place Rd, Huntsville AL 35806", "email": "andy@company.com", "phone": "2561234567"}}, {"model": "webapp.seasonticketholder", "pk": 1, "fields": {"valid": true, "customer": [1], "seasons": [1]}}, {"model": "webapp.seasonticketholder", "pk": 4, "fields": {"valid": true, "customer": [5], "seasons": [1]}}, {"model": "webapp.seasonticketholder", "pk": 5, "fields": {"valid": true, "customer": [4], "seasons": [1]}}, {"model": "webapp.ticket", "pk": 1, "fields": {"paid": false, "datePurchased": "2018-11-15T02:45:45Z", "door": false, "printed": false, "cash": false, "price": "10.00", "customer": [1], "seat": [1], "row": [1], "section": [1], "season": [1], "show": [1], "performance": [1]}}, {"model": "webapp.ticket", "pk": 2, "fields": {"paid": false, "datePurchased": "2018-11-17T13:25:32Z", "door": false, "printed": false, "cash": false, "price": "10.00", "customer": [1], "seat": [2], "row": [1], "section": [1], "season": [1], "show": [1], "performance": [1]}}, {"model": "webapp.ticket", "pk": 3, "fields": {"paid": false, "datePurchased": "2018-11-17T14:05:19Z", "door": false, "printed": false, "cash": false, "price": "10.00", "customer": [1], "seat": [1], "row": [1], "section": [1], "season": [1], "show": [4], "performance": [3]}}, {"model": "webapp.ticket", "pk": 4, "fields": {"paid": false, "datePurchased": "2018-11-17T17:01:42Z", "door": false, "printed": false, "cash": false, "price": "10.00", "customer": [1], "seat": [1], "row": [1], "section": [1], "season": [1], "show": [3], "performance": [2]}}, {"model": "webapp.ticket", "pk": 19, "fields": {"paid": false, "datePurchased": "2018-11-18T02:55:00Z", "door": false, "printed": false, "cash": false, "price": "10.00", "customer": [1], "seat": [2], "row": [2], "section": [1], "season": [1], "show": [4], "performance": [4]}}, {"model": "webapp.ticket", "pk": 20, "fields": {"paid": false, "datePurchased": "2018-11-18T02:55:51Z", "door": false, "printed": false, "cash": false, "price": "10.00", "customer": [1], "seat": [1], "row": [2], "section": [1], "season": [1], "show": [4], "performance": [3]}}, {"model": "webapp.ticket", "pk": 25, "fields": {"paid": false, "datePurchased": "2018-11-18T04:50:35.325Z", "door": true, "printed": true, "cash": true, "price": "10.00", "customer": [4], "seat": [4], "row": [3], "section": [1], "season": [1], "show": [4], "performance": [3]}}, {"model": "webapp.ticket", "pk": 26, "fields": {"paid": true, "datePurchased": "2018-11-18T20:50:52.203Z", "door": true, "printed": true, "cash": true, "price": "10.00", "customer": [1], "seat": [1], "row": [1], "section": [1], "season": [1], "show": [4], "performance": [5]}}, {"model": "webapp.ticket", "pk": 27, "fields": {"paid": true, "datePurchased": "2018-11-18T20:50:52.265Z", "door": true, "printed": true, "cash": true, "price": "10.00", "customer": [1], "seat": [2], "row": [1], "section": [1], "season": [1], "show": [4], "performance": [5]}}, {"model": "webapp.ticket", "pk": 28, "fields": {"paid": true, "datePurchased": "2018-11-18T20:50:52.296Z", "door": true, "printed": true, "cash": true, "price": "10.00", "customer": [1], "seat": [3], "row": [1], "section": [1], "season": [1], "show": [4], "performance": [5]}}, {"model": "webapp.ticket", "pk": 29, "fields": {"paid": true, "datePurchased": "2018-11-18T20:50:52.351Z", "door": true, "printed": true, "cash": true, "price": "10.00", "customer": [1], "seat": [4], "row": [2], "section": [1], "season": [1], "show": [4], "performance": [5]}}, {"model": "webapp.ticket", "pk": 30, "fields": {"paid": true, "datePurchased": "2018-11-18T20:50:52.384Z", "door": true, "printed": true, "cash": true, "price": "10.00", "customer": [1], "seat": [5], "row": [3], "section": [1], "season": [1], "show": [4], "performance": [5]}}, {"model": "webapp.ticket", "pk": 31, "fields": {"paid": false, "datePurchased": "2018-11-18T21:18:02.588Z", "door": true, "printed": true, "cash": true, "price": "10.00", "customer": [4], "seat": [2], "row": [1], "section": [1], "season": [1], "show": [4], "performance": [3]}}, {"model": "webapp.ticket", "pk": 32, "fields": {"paid": false, "datePurchased": "2018-11-18T21:18:02.661Z", "door": true, "printed": true, "cash": true, "price": "10.00", "customer": [4], "seat": [3], "row": [1], "section": [1], "season": [1], "show": [4], "performance": [3]}}, {"model": "webapp.ticket", "pk": 33, "fields": {"paid": false, "datePurchased": "2018-11-18T21:18:02.686Z", "door": true, "printed": true, "cash": true, "price": "10.00", "customer": [4], "seat": [4], "row": [2], "section": [1], "season": [1], "show": [4], "performance": [3]}}, {"model": "webapp.ticket", "pk": 34, "fields": {"paid": false, "datePurchased": "2018-11-18T21:18:02.719Z", "door": true, "printed": true, "cash": true, "price": "10.00", "customer": [4], "seat": [6], "row": [3], "section": [1], "season": [1], "show": [4], "performance": [3]}}, {"model": "webapp.ticket", "pk": 35, "fields": {"paid": false, "datePurchased": "2018-11-18T21:18:02.744Z", "door": true, "printed": true, "cash": true, "price": "10.00", "customer": [4], "seat": [7], "row": [3], "section": [1], "season": [1], "show": [4], "performance": [3]}}, {"model": "webapp.ticket", "pk": 139, "fields": {"paid": true, "datePurchased": "2018-11-19T00:35:15.117Z", "door": true, "printed": true, "cash": true, "price": "10.00", "customer": [5], "seat": [1], "row": [1], "section": [1], "season": [1], "show": [4], "performance": [6]}}, {"model": "webapp.ticket", "pk": 140, "fields": {"paid": true, "datePurchased": "2018-11-19T00:35:15.185Z", "door": true, "printed": true, "cash": true, "price": "10.00", "customer": [5], "seat": [2], "row": [1], "section": [1], "season": [1], "show": [4], "performance": [6]}}, {"model": "webapp.ticket", "pk": 141, "fields": {"paid": true, "datePurchased": "2018-11-19T00:35:15.257Z", "door": true, "printed": true, "cash": true, "price": "10.00", "customer": [5], "seat": [3], "row": [1], "section": [1], "season": [1], "show": [4], "performance": [6]}}, {"model": "webapp.ticket", "pk": 142, "fields": {"paid": true, "datePurchased": "2018-11-19T00:35:15.317Z", "door": true, "printed": true, "cash": true, "price": "10.00", "customer": [5], "seat": [4], "row": [1], "section": [1], "season": [1], "show": [4], "performance": [6]}}, {"model": "webapp.ticket", "pk": 143, "fields": {"paid": true, "datePurchased": "2018-11-19T00:35:15.372Z", "door": true, "printed": true, "cash": true, "price": "10.00", "customer": [5], "seat": [1], "row": [1], "section": [1], "season": [1], "show": [4], "performance": [7]}}, {"model": "webapp.ticket", "pk": 144, "fields": {"paid": true, "datePurchased": "2018-11-19T00:35:15.426Z", "door": true, "printed": true, "cash": true, "price": "10.00", "customer": [5], "seat": [2], "row": [1], "section": [1], "season": [1], "show": [4], "performance": [7]}}, {"model": "webapp.ticket", "pk": 145, "fields": {"paid": true, "datePurchased": "2018-11-19T00:35:15.482Z", "door": true, "printed": true, "cash": true, "price": "10.00", "customer": [5], "seat": [3], "row": [1], "section": [1], "season": [1], "show": [4], "performance": [7]}}, {"model": "webapp.ticket", "pk": 146, "fields": {"paid": true, "datePurchased": "2018-11-19T00:35:15.522Z", "door": true, "printed": true, "cash": true, "price": "10.00", "customer": [5], "seat": [4], "row": [1], "section": [1], "season": [1], "show": [4], "performance": [7]}}, {"model": "webapp.ticket", "pk": 150, "fields": {"paid": true, "datePurchased": "2018-11-20T00:04:13.168Z", "door": true, "printed": false, "cash": false, "price": "10.00", "customer": [5], "seat": [2], "row": [16], "section": [2], "season": [1], "show": [3], "performance": []}}, {"model": "webapp.ticket", "pk": 151, "fields": {"paid": true, "datePurchased": "2018-11-20T00:06:41.520Z", "door": true, "printed": true, "cash": true, "price": "10.00", "customer": [5], "seat": [8], "row": [1], "section": [1], "season": [1], "show": [3], "performance": [6]}}, {"model": "webapp.ticket", "pk": 152, "fields": {"paid": true, "datePurchased": "2018-11-20T00:06:41.585Z", "door": true, "printed": true, "cash": true, "price": "10.00", "customer": [5], "seat": [7], "row": [1], "section": [1], "season": [1], "show": [3], "performance": [6]}}, {"model": "webapp.ticket", "pk": 155, "fields": {"paid": true, "datePurchased": "2018-11-20T13:20:13.157Z", "door": true, "printed": false, "cash": false, "price": "10.00", "customer": [1], "seat": [8], "row": [1], "section": [1], "season": [1], "show": [4], "performance": []}}, {"model": "webapp.ticket", "pk": 156, "fields": {"paid": true, "datePurchased": "2018-11-20T13:21:34.741Z", "door": true, "printed": true, "cash": true, "price": "10.00", "customer": [1], "seat": [8], "row": [1], "section": [1], "season": [1], "show": [4], "performance": [9]}}, {"model": "webapp.ticket", "pk": 157, "fields": {"paid": true, "datePurchased": "2018-11-20T13:21:34.786Z", "door": true, "printed": true, "cash": true, "price": "10.00", "customer": [1], "seat": [7], "row": [1], "section": [1], "season": [1], "show": [4], "performance": [9]}}, {"model": "webapp.ticket", "pk": 162, "fields": {"paid": true, "datePurchased": "2018-11-20T13:31:26.310Z", "door": true, "printed": true, "cash": true, "price": "10.00", "customer": [1], "seat": [5], "row": [1], "section": [1], "season": [1], "show": [3], "performance": [7]}}, {"model": "webapp.ticket", "pk": 163, "fields": {"paid": true, "datePurchased": "2018-11-20T13:31:26.363Z", "door": true, "printed": true, "cash": true, "price": "10.00", "customer": [1], "seat": [6], "row": [1], "section": [1], "season": [1], "show": [3], "performance": [7]}}, {"model": "webapp.ticket", "pk": 164, "fields": {"paid": true, "datePurchased": "2018-11-20T13:31:26.394Z", "door": true, "printed": true, "cash": true, "price": "10.00", "customer": [1], "seat": [5], "row": [1], "section": [1], "season": [1], "show": [4], "performance": [9]}}, {"model": "webapp.ticket", "pk": 165, "fields": {"paid": true, "datePurchased": "2018-11-20T13:31:26.422Z", "door": true, "printed": true, "cash": true, "price": "10.00", "customer": [1], "seat": [6], "row": [1], "section": [1], "season": [1], "show": [4], "performance": [9]}}, {"model": "webapp.ticket", "pk": 166, "fields": {"paid": true, "datePurchased": "2018-11-20T13:45:30.177Z", "door": true, "printed": true, "cash": true, "price": "10.00", "customer": [1], "seat": [9], "row": [1], "section": [1], "season": [1], "show": [4], "performance": [9]}}, {"model": "webapp.ticket", "pk": 167, "fields": {"paid": true, "datePurchased": "2018-11-20T13:45:30.226Z", "door": true, "printed": true, "cash": true, "price": "10.00", "customer": [1], "seat": [1], "row": [1], "section": [1], "season": [1], "show": [4], "performance": [9]}}, {"model": "webapp.ticket", "pk": 168, "fields": {"paid": true, "datePurchased": "2018-11-20T13:57:51.464Z", "door": true, "printed": true, "cash": true, "price": "10.00", "customer": [1], "seat": [1], "row": [2], "section": [1], "season": [1], "show": [3], "performance": [7]}}, {"model": "webapp.ticket", "pk": 169, "fields": {"paid": true, "datePurchased": "2018-11-20T13:57:51.526Z", "door": true, "printed": true, "cash": true, "price": "10.00", "customer": [1], "seat": [2], "row": [2], "section": [1], "season": [1], "show": [3], "performance": [7]}}, {"model": "webapp.ticket", "pk": 180, "fields": {"paid": true, "datePurchased": "2018-11-20T14:19:25.341Z", "door": true, "printed": true, "cash": true, "price": "10.00", "customer": [1], "seat": [3], "row": [2], "section": [1], "season": [1], "show": [3], "performance": [7]}}, {"model": "webapp.ticket", "pk": 181, "fields": {"paid": true, "datePurchased": "2018-11-20T14:19:25.393Z", "door": true, "printed": true, "cash": true, "price": "10.00", "customer": [1], "seat": [4], "row": [2], "section": [1], "season": [1], "show": [3], "performance": [7]}}, {"model": "webapp.ticket", "pk": 182, "fields": {"paid": true, "datePurchased": "2018-11-20T14:19:25.446Z", "door": true, "printed": true, "cash": true, "price": "10.00", "customer": [1], "seat": [3], "row": [2], "section": [1], "season": [1], "show": [4], "performance": [9]}}, {"model": "webapp.ticket", "pk": 183, "fields": {"paid": true, "datePurchased": "2018-11-20T14:19:25.498Z", "door": true, "printed": true, "cash": true, "price": "10.00", "customer": [1], "seat": [4], "row": [2], "section": [1], "season": [1], "show": [4], "performance": [9]}}, {"model": "webapp.ticket", "pk": 184, "fields": {"paid": true, "datePurchased": "2018-11-20T14:27:07.827Z", "door": true, "printed": true, "cash": true, "price": "10.00", "customer": [1], "seat": [5], "row": [2], "section": [1], "season": [1], "show": [4], "performance": [9]}}, {"model": "webapp.ticket", "pk": 185, "fields": {"paid": true, "datePurchased": "2018-11-20T14:27:07.895Z", "door": true, "printed": true, "cash": true, "price": "10.00", "customer": [1], "seat": [6], "row": [2], "section": [1], "season": [1], "show": [4], "performance": [9]}}, {"model": "webapp.ticket", "pk": 189, "fields": {"paid": true, "datePurchased": "2018-11-20T14:41:50.094Z", "door": true, "printed": true, "cash": true, "price": "150.00", "customer": [5], "seat": [7], "row": [2], "section": [1], "season": [1], "show": [3], "performance": [7]}}, {"model": "webapp.ticket", "pk": 190, "fields": {"paid": true, "datePurchased": "2018-11-20T14:41:50.146Z", "door": true, "printed": true, "cash": true, "price": "75.00", "customer": [5], "seat": [8], "row": [2], "section": [1], "season": [1], "show": [3], "performance": [7]}}, {"model": "webapp.ticket", "pk": 191, "fields": {"paid": true, "datePurchased": "2018-11-20T14:41:50.205Z", "door": true, "printed": true, "cash": true, "price": "150.00", "customer": [5], "seat": [7], "row": [2], "section": [1], "season": [1], "show": [4], "performance": [9]}}, {"model": "webapp.ticket", "pk": 192, "fields": {"paid": true, "datePurchased": "2018-11-20T14:41:50.243Z", "door": true, "printed": true, "cash": true, "price": "75.00", "customer": [5], "seat": [8], "row": [2], "section": [1], "season": [1], "show": [4], "performance": [9]}}, {"model": "webapp.ticket", "pk": 193, "fields": {"paid": true, "datePurchased": "2018-11-20T14:46:39.994Z", "door": true, "printed": true, "cash": true, "price": "10.00", "customer": [1], "seat": [1], "row": [3], "section": [1], "season": [1], "show": [4], "performance": [9]}}, {"model": "webapp.ticket", "pk": 194, "fields": {"paid": true, "datePurchased": "2018-11-20T14:46:40.036Z", "door": true, "printed": true, "cash": true, "price": "5.00", "customer": [1], "seat": [2], "row": [3], "section": [1], "season": [1], "show": [4], "performance": [9]}}, {"model": "webapp.ticket", "pk": 195, "fields": {"paid": true, "datePurchased": "2018-11-20T14:54:13.895Z", "door": true, "printed": true, "cash": true, "price": "10.00", "customer": [1], "seat": [3], "row": [3], "section": [1], "season": [1], "show": [4], "performance": [9]}}, {"model": "webapp.ticket", "pk": 196, "fields": {"paid": true, "datePurchased": "2018-11-20T14:54:13.971Z", "door": true, "printed": true, "cash": true, "price": "5.00", "customer": [1], "seat": [4], "row": [3], "section": [1], "season": [1], "show": [4], "performance": [9]}}, {"model": "webapp.ticket", "pk": 197, "fields": {"paid": true, "datePurchased": "2018-11-20T15:41:45.913Z", "door": true, "printed": true, "cash": true, "price": "5.00", "customer": [1], "seat": [6], "row": [3], "section": [1], "season": [1], "show": [4], "performance": [9]}}, {"model": "webapp.ticket", "pk": 198, "fields": {"paid": true, "datePurchased": "2018-11-20T15:41:45.980Z", "door": true, "printed": true, "cash": true, "price": "10.00", "customer": [1], "seat": [7], "row": [3], "section": [1], "season": [1], "show": [4], "performance": [9]}}, {"model": "webapp.ticket", "pk": 199, "fields": {"paid": true, "datePurchased": "2018-11-20T15:45:53.532Z", "door": true, "printed": true, "cash": true, "price": "75.00", "customer": [1], "seat": [1], "row": [4], "section": [1], "season": [1], "show": [3], "performance": [7]}}, {"model": "webapp.ticket", "pk": 200, "fields": {"paid": true, "datePurchased": "2018-11-20T15:45:53.577Z", "door": true, "printed": true, "cash": true, "price": "150.00", "customer": [1], "seat": [2], "row": [4], "section": [1], "season": [1], "show": [3], "performance": [7]}}, {"model": "webapp.ticket", "pk": 201, "fields": {"paid": true, "datePurchased": "2018-11-20T15:45:53.624Z", "door": true, "printed": true, "cash": true, "price": "75.00", "customer": [1], "seat": [1], "row": [4], "section": [1], "season": [1], "show": [4], "performance": [9]}}, {"model": "webapp.ticket", "pk": 202, "fields": {"paid": true, "datePurchased": "2018-11-20T15:45:53.658Z", "door": true, "printed": true, "cash": true, "price": "150.00", "customer": [1], "seat": [2], "row": [4], "section": [1], "season": [1], "show": [4], "performance": [9]}}, {"model": "webapp.ticket", "pk": 203, "fields": {"paid": true, "datePurchased": "2018-11-20T16:10:05.083Z", "door": true, "printed": true, "cash": true, "price": "5.00", "customer": [1], "seat": [2], "row": [27], "section": [1], "season": [1], "show": [4], "performance": [4]}}, {"model": "webapp.ticket", "pk": 204, "fields": {"paid": true, "datePurchased": "2018-11-20T16:10:05.154Z", "door": true, "printed": true, "cash": true, "price": "10.00", "customer": [1], "seat": [3], "row": [27], "section": [1], "season": [1], "show": [4], "performance": [4]}}, {"model": "webapp.ticket", "pk": 205, "fields": {"paid": true, "datePurchased": "2018-11-20T18:50:53.930Z", "door": true, "printed": true, "cash": true, "price": "10.00", "customer": [4], "seat": [3], "row": [27], "section": [1], "season": [1], "show": [3], "performance": [6]}}, {"model": "webapp.ticket", "pk": 206, "fields": {"paid": true, "datePurchased": "2018-11-20T18:50:53.995Z", "door": true, "printed": true, "cash": true, "price": "9.00", "customer": [4], "seat": [2], "row": [27], "section": [1], "season": [1], "show": [3], "performance": [6]}}, {"model": "webapp.ticket", "pk": 207, "fields": {"paid": true, "datePurchased": "2018-11-20T18:52:24.658Z", "door": true, "printed": true, "cash": true, "price": "150.00", "customer": [4], "seat": [4], "row": [27], "section": [1], "season": [1], "show": [2], "performance": [6]}}, {"model": "webapp.ticket", "pk": 208, "fields": {"paid": true, "datePurchased": "2018-11-20T18:52:24.731Z", "door": true, "printed": true, "cash": true, "price": "135.00", "customer": [4], "seat": [5], "row": [27], "section": [1], "season": [1], "show": [2], "performance": [6]}}, {"model": "webapp.ticket", "pk": 209, "fields": {"paid": true, "datePurchased": "2018-11-20T18:52:24.790Z", "door": true, "printed": true, "cash": true, "price": "120.00", "customer": [4], "seat": [1], "row": [27], "section": [1], "season": [1], "show": [2], "performance": [6]}}, {"model": "webapp.ticket", "pk": 210, "fields": {"paid": true, "datePurchased": "2018-11-20T18:55:33.085Z", "door": true, "printed": true, "cash": true, "price": "150.00", "customer": [1], "seat": [3], "row": [4], "section": [1], "season": [1], "show": [3], "performance": [7]}}, {"model": "webapp.ticket", "pk": 211, "fields": {"paid": true, "datePurchased": "2018-11-20T18:55:33.135Z", "door": true, "printed": true, "cash": true, "price": "75.00", "customer": [1], "seat": [4], "row": [4], "section": [1], "season": [1], "show": [3], "performance": [7]}}, {"model": "webapp.ticket", "pk": 212, "fields": {"paid": true, "datePurchased": "2018-11-20T18:55:33.171Z", "door": true, "printed": true, "cash": true, "price": "120.00", "customer": [1], "seat": [5], "row": [4], "section": [1], "season": [1], "show": [3], "performance": [7]}}, {"model": "webapp.ticket", "pk": 213, "fields": {"paid": true, "datePurchased": "2018-11-20T18:55:33.202Z", "door": true, "printed": true, "cash": true, "price": "150.00", "customer": [1], "seat": [3], "row": [4], "section": [1], "season": [1], "show": [4], "performance": [9]}}, {"model": "webapp.ticket", "pk": 214, "fields": {"paid": true, "datePurchased": "2018-11-20T18:55:33.258Z", "door": true, "printed": true, "cash": true, "price": "75.00", "customer": [1], "seat": [4], "row": [4], "section": [1], "season": [1], "show": [4], "performance": [9]}}, {"model": "webapp.ticket", "pk": 215, "fields": {"paid": true, "datePurchased": "2018-11-20T18:55:33.311Z", "door": true, "printed": true, "cash": true, "price": "120.00", "customer": [1], "seat": [5], "row": [4], "section": [1], "season": [1], "show": [4], "performance": [9]}}, {"model": "webapp.ticket", "pk": 216, "fields": {"paid": true, "datePurchased": "2018-11-20T19:58:22.084Z", "door": true, "printed": true, "cash": true, "price": "8.00", "customer": [1], "seat": [1], "row": [28], "section": [1], "season": [1], "show": [4], "performance": [4]}}, {"model": "webapp.ticket", "pk": 217, "fields": {"paid": true, "datePurchased": "2018-11-20T21:37:11.783Z", "door": true, "printed": true, "cash": true, "price": "10.00", "customer": [1], "seat": [5], "row": [36], "section": [1], "season": [1], "show": [4], "performance": [4]}}, {"model": "webapp.ticket", "pk": 218, "fields": {"paid": true, "datePurchased": "2018-11-20T21:37:11.830Z", "door": true, "printed": true, "cash": true, "price": "8.00", "customer": [1], "seat": [4], "row": [36], "section": [1], "season": [1], "show": [4], "performance": [4]}}, {"model": "auth.group", "pk": 1, "fields": {"name": "HVTG Volunteers", "permissions": [1, 2, 3, 4, 8, 12, 16, 20, 21, 22, 23, 24, 28, 32, 36, 40, 41, 42, 43, 44]}}, {"model": "auth.group", "pk": 2, "fields": {"name": "Site Admin", "permissions": [45, 46, 47, 48, 53, 54, 55, 56, 49, 50, 51, 52, 57, 58, 59, 60, 61, 62, 63, 64, 65, 66, 67, 68]}}, {"model": "auth.group", "pk": 3, "fields": {"name": "Theater Admin", "permissions": [13, 14, 15, 16, 17, 18, 19, 20, 21, 22, 23, 24, 25, 26, 27, 28, 29, 30, 31, 32, 37, 38, 39, 40]}}, {"model": "auth.group", "pk": 4, "fields": {"name": "HVTG Admin", "permissions": [5, 6, 7, 8, 9, 10, 11, 12, 33, 34, 35, 36, 44]}}, {"model": "auth.group", "pk": 5, "fields": {"name": "VBC Volunteers", "permissions": [1, 2, 3, 4, 8, 12, 16, 20, 21, 22, 23, 24, 28, 32, 36, 40, 41, 42, 43, 44]}}, {"model": "auth.group", "pk": 6, "fields": {"name": "Fantasy Playhouse Volunteers", "permissions": [1, 2, 3, 4, 8, 12, 16, 20, 21, 22, 23, 24, 28, 32, 36, 40, 41, 42, 43, 44]}}, {"model": "auth.group", "pk": 7, "fields": {"name": "Fantasy Playhouse Admin", "permissions": [5, 6, 7, 8, 9, 10, 11, 12, 13, 14, 15, 16, 20, 24, 25, 26, 27, 28, 29, 30, 31, 32, 33, 34, 36, 40, 44]}}, {"model": "auth.user", "pk": 1, "fields": {"password": "pbkdf2_sha256$120000$qdjDMPXqYImA$qxPC51xIwETTGfJeIqdPnX6VJdhqiBRfZefAZdRy8BI=", "last_login": "2018-11-20T21:32:51.819Z", "is_superuser": true, "username": "admin", "first_name": "", "last_name": "", "email": "", "is_staff": true, "is_active": true, "date_joined": "2018-11-15T02:19:34Z", "groups": [4, 7], "user_permissions": []}}, {"model": "auth.user", "pk": 2, "fields": {"password": "pbkdf2_sha256$120000$vb77v2n2jCGn$B9R2DcAn4HPGC9b7yIfsxmUqL8GAU4LRehE+AbslKbY=", "last_login": null, "is_superuser": false, "username": "AndyTowers", "first_name": "Andy", "last_name": "Towers", "email": "andy@company.com", "is_staff": true, "is_active": true, "date_joined": "2018-11-16T19:52:07Z", "groups": [1], "user_permissions": []}}, {"model": "auth.user", "pk": 3, "fields": {"password": "pbkdf2_sha256$120000$25PwaCGZD33e$Gq0vxWdKl6v4P6zqgp6bgr+FX/zXhjVyqraF/zix4iY=", "last_login": null, "is_superuser": false, "username": "HVTGAdmin", "first_name": "Hunts. Volunteer Theater Group", "last_name": "Show Admin", "email": "admin@hvtg.org", "is_staff": true, "is_active": true, "date_joined": "2018-11-16T23:20:55Z", "groups": [4], "user_permissions": []}}, {"model": "auth.user", "pk": 4, "fields": {"password": "pbkdf2_sha256$120000$owevU6mj1YXj$OFuRMZCZxAOj31no/5oMsDpnp6HwGLFHA0s6lPybD6o=", "last_login": "2018-11-19T19:24:51.484Z", "is_superuser": false, "username": "NotVolunteer", "first_name": "Not", "last_name": "Volunteer", "email": "", "is_staff": true, "is_active": true, "date_joined": "2018-11-19T18:33:17Z", "groups": [], "user_permissions": []}}, {"model": "auth.user", "pk": 5, "fields": {"password": "pbkdf2_sha256$120000$NyXmBkuzGURo$QA+4h5TArEAHz5aGXxJyiKeX4lcSKYzb5EywkpcjU4o=", "last_login": "2018-11-20T20:19:35.817Z", "is_superuser": false, "username": "FPVUser", "first_name": "FPV", "last_name": "Volunteer", "email": "", "is_staff": true, "is_active": true, "date_joined": "2018-11-19T20:18:17Z", "groups": [6], "user_permissions": []}}, {"model": "auth.user", "pk": 6, "fields": {"password": "pbkdf2_sha256$120000$MkvCOXz1PeYY$12LYKLM4yt1vbbA7nlxjNcqfuyCuIqM6t632xYyX31U=", "last_login": "2018-11-20T00:14:39.092Z", "is_superuser": false, "username": "FPVAdmin", "first_name": "FPV", "last_name": "Admin", "email": "", "is_staff": true, "is_active": true, "date_joined": "2018-11-19T23:32:54Z", "groups": [], "user_permissions": []}}, {"model": "auth.user", "pk": 7, "fields": {"password": "pbkdf2_sha256$120000$xdGlWWzMhrTO$GWZWov8zd1WxQP8Y48Jg9dfj4WTXn6hxYtbd5Djiduo=", "last_login": "2018-11-20T21:29:45.933Z", "is_superuser": false, "username": "HVTGUser", "first_name": "HVTG", "last_name": "HVTG", "email": "", "is_staff": true, "is_active": true, "date_joined": "2018-11-20T00:18:11Z", "groups": [1], "user_permissions": []}}, {"model": "sessions.session", "pk": "9klrnxoqijoo5xw17aky6yo1cdmb8cbz", "fields": {"session_data": "NzNiMGFlNTQyMWY3MjQxNmZjOWYyZGM2YThhNTI0MzZlZDRiMTg1ODp7Il9hdXRoX3VzZXJfaWQiOiIxIiwiX2F1dGhfdXNlcl9iYWNrZW5kIjoiZGphbmdvLmNvbnRyaWIuYXV0aC5iYWNrZW5kcy5Nb2RlbEJhY2tlbmQiLCJfYXV0aF91c2VyX2hhc2giOiIzZGRhZmUwMTA3MDRkYTk2NTgwNjhjM2YxZTBiZWUwZDVjYjNlMzA0In0=", "expire_date": "2018-11-29T16:16:23.232Z"}}, {"model": "sessions.session", "pk": "fcrdyfcxfyhatirejib7ax5w68mbpsus", "fields": {"session_data": "NzNiMGFlNTQyMWY3MjQxNmZjOWYyZGM2YThhNTI0MzZlZDRiMTg1ODp7Il9hdXRoX3VzZXJfaWQiOiIxIiwiX2F1dGhfdXNlcl9iYWNrZW5kIjoiZGphbmdvLmNvbnRyaWIuYXV0aC5iYWNrZW5kcy5Nb2RlbEJhY2tlbmQiLCJfYXV0aF91c2VyX2hhc2giOiIzZGRhZmUwMTA3MDRkYTk2NTgwNjhjM2YxZTBiZWUwZDVjYjNlMzA0In0=", "expire_date": "2018-12-04T21:32:51.822Z"}}, {"model": "admin.logentry", "pk": 1, "fields": {"action_time": "2018-11-15T02:20:36.838Z", "user": 1, "content_type": 7, "object_id": "1", "object_repr": "1", "action_flag": 1, "change_message": "[{\"added\": {}}]"}}, {"model": "admin.logentry", "pk": 2, "fields": {"action_time": "2018-11-15T02:20:57.811Z", "user": 1, "content_type": 4, "object_id": "1", "object_repr": "A", "action_flag": 1, "change_message": "[{\"added\": {}}]"}}, {"model": "admin.logentry", "pk": 3, "fields": {"action_time": "2018-11-15T02:21:16.334Z", "user": 1, "content_type": 3, "object_id": "1", "object_repr": "Normal", "action_flag": 1, "change_message": "[{\"added\": {}}]"}}, {"model": "admin.logentry", "pk": 4, "fields": {"action_time": "2018-11-15T02:21:31.365Z", "user": 1, "content_type": 8, "object_id": "1", "object_repr": "Front", "action_flag": 1, "change_message": "[{\"added\": {}}]"}}, {"model": "admin.logentry", "pk": 5, "fields": {"action_time": "2018-11-15T02:21:50.472Z", "user": 1, "content_type": 10, "object_id": "1", "object_repr": "Playhouse Theater", "action_flag": 1, "change_message": "[{\"added\": {}}]"}}, {"model": "admin.logentry", "pk": 6, "fields": {"action_time": "2018-11-15T02:22:23.506Z", "user": 1, "content_type": 2, "object_id": "1", "object_repr": "2018-11-15 02:22", "action_flag": 1, "change_message": "[{\"added\": {}}]"}}, {"model": "admin.logentry", "pk": 7, "fields": {"action_time": "2018-11-15T02:22:37.175Z", "user": 1, "content_type": 9, "object_id": "1", "object_repr": "MacBeth", "action_flag": 1, "change_message": "[{\"added\": {}}]"}}, {"model": "admin.logentry", "pk": 8, "fields": {"action_time": "2018-11-15T02:23:39.806Z", "user": 1, "content_type": 5, "object_id": "1", "object_repr": "Fall 2018", "action_flag": 1, "change_message": "[{\"added\": {}}]"}}, {"model": "admin.logentry", "pk": 9, "fields": {"action_time": "2018-11-15T02:45:27.929Z", "user": 1, "content_type": 1, "object_id": "1", "object_repr": "Shawn Matthias Edwards", "action_flag": 1, "change_message": "[{\"added\": {}}]"}}, {"model": "admin.logentry", "pk": 10, "fields": {"action_time": "2018-11-15T02:45:49.239Z", "user": 1, "content_type": 11, "object_id": "1", "object_repr": "(2018-11-15 02:22:22+00:00, MacBeth, Fall 2018, Shawn Edwards)", "action_flag": 1, "change_message": "[{\"added\": {}}]"}}, {"model": "admin.logentry", "pk": 11, "fields": {"action_time": "2018-11-15T02:46:09.090Z", "user": 1, "content_type": 6, "object_id": "1", "object_repr": "Shawn Edwards", "action_flag": 1, "change_message": "[{\"added\": {}}]"}}, {"model": "admin.logentry", "pk": 12, "fields": {"action_time": "2018-11-15T19:49:26.661Z", "user": 1, "content_type": 11, "object_id": "1", "object_repr": "(2018-11-15 02:22:22+00:00, MacBeth, Fall 2018, Shawn Edwards)", "action_flag": 2, "change_message": "[{\"changed\": {\"fields\": [\"row\", \"section\"]}}]"}}, {"model": "admin.logentry", "pk": 13, "fields": {"action_time": "2018-11-16T19:51:15.848Z", "user": 1, "content_type": 14, "object_id": "1", "object_repr": "HVTG Volunteers", "action_flag": 1, "change_message": "[{\"added\": {}}]"}}, {"model": "admin.logentry", "pk": 14, "fields": {"action_time": "2018-11-16T19:51:49.495Z", "user": 1, "content_type": 14, "object_id": "1", "object_repr": "HVTG Volunteers", "action_flag": 2, "change_message": "[{\"changed\": {\"fields\": [\"permissions\"]}}]"}}, {"model": "admin.logentry", "pk": 15, "fields": {"action_time": "2018-11-16T19:52:07.871Z", "user": 1, "content_type": 15, "object_id": "2", "object_repr": "AndyTowers", "action_flag": 1, "change_message": "[{\"added\": {}}]"}}, {"model": "admin.logentry", "pk": 16, "fields": {"action_time": "2018-11-16T19:52:43.039Z", "user": 1, "content_type": 15, "object_id": "2", "object_repr": "AndyTowers", "action_flag": 2, "change_message": "[{\"changed\": {\"fields\": [\"first_name\", \"last_name\", \"email\", \"is_staff\", \"groups\"]}}]"}}, {"model": "admin.logentry", "pk": 17, "fields": {"action_time": "2018-11-16T19:53:09.449Z", "user": 1, "content_type": 9, "object_id": "1", "object_repr": "MacBeth", "action_flag": 2, "change_message": "[{\"changed\": {\"fields\": [\"group\"]}}]"}}, {"model": "admin.logentry", "pk": 18, "fields": {"action_time": "2018-11-16T22:49:30.941Z", "user": 1, "content_type": 7, "object_id": "2", "object_repr": "2", "action_flag": 1, "change_message": "[{\"added\": {}}]"}}, {"model": "admin.logentry", "pk": 19, "fields": {"action_time": "2018-11-16T22:49:32.574Z", "user": 1, "content_type": 7, "object_id": "3", "object_repr": "3", "action_flag": 1, "change_message": "[{\"added\": {}}]"}}, {"model": "admin.logentry", "pk": 20, "fields": {"action_time": "2018-11-16T22:49:33.943Z", "user": 1, "content_type": 7, "object_id": "4", "object_repr": "4", "action_flag": 1, "change_message": "[{\"added\": {}}]"}}, {"model": "admin.logentry", "pk": 21, "fields": {"action_time": "2018-11-16T22:49:35.191Z", "user": 1, "content_type": 7, "object_id": "5", "object_repr": "5", "action_flag": 1, "change_message": "[{\"added\": {}}]"}}, {"model": "admin.logentry", "pk": 22, "fields": {"action_time": "2018-11-16T22:49:37.484Z", "user": 1, "content_type": 7, "object_id": "6", "object_repr": "6", "action_flag": 1, "change_message": "[{\"added\": {}}]"}}, {"model": "admin.logentry", "pk": 23, "fields": {"action_time": "2018-11-16T22:49:38.980Z", "user": 1, "content_type": 7, "object_id": "7", "object_repr": "7", "action_flag": 1, "change_message": "[{\"added\": {}}]"}}, {"model": "admin.logentry", "pk": 24, "fields": {"action_time": "2018-11-16T22:49:41.446Z", "user": 1, "content_type": 7, "object_id": "8", "object_repr": "8", "action_flag": 1, "change_message": "[{\"added\": {}}]"}}, {"model": "admin.logentry", "pk": 25, "fields": {"action_time": "2018-11-16T22:49:44.176Z", "user": 1, "content_type": 7, "object_id": "9", "object_repr": "9", "action_flag": 1, "change_message": "[{\"added\": {}}]"}}, {"model": "admin.logentry", "pk": 26, "fields": {"action_time": "2018-11-16T22:49:46.464Z", "user": 1, "content_type": 7, "object_id": "10", "object_repr": "10", "action_flag": 1, "change_message": "[{\"added\": {}}]"}}, {"model": "admin.logentry", "pk": 27, "fields": {"action_time": "2018-11-16T22:50:11.123Z", "user": 1, "content_type": 4, "object_id": "2", "object_repr": "B", "action_flag": 1, "change_message": "[{\"added\": {}}]"}}, {"model": "admin.logentry", "pk": 28, "fields": {"action_time": "2018-11-16T22:50:18.115Z", "user": 1, "content_type": 4, "object_id": "3", "object_repr": "C", "action_flag": 1, "change_message": "[{\"added\": {}}]"}}, {"model": "admin.logentry", "pk": 29, "fields": {"action_time": "2018-11-16T22:50:23.598Z", "user": 1, "content_type": 4, "object_id": "4", "object_repr": "D", "action_flag": 1, "change_message": "[{\"added\": {}}]"}}, {"model": "admin.logentry", "pk": 30, "fields": {"action_time": "2018-11-16T22:50:31.299Z", "user": 1, "content_type": 4, "object_id": "5", "object_repr": "E", "action_flag": 1, "change_message": "[{\"added\": {}}]"}}, {"model": "admin.logentry", "pk": 31, "fields": {"action_time": "2018-11-16T22:50:37.145Z", "user": 1, "content_type": 4, "object_id": "6", "object_repr": "F", "action_flag": 1, "change_message": "[{\"added\": {}}]"}}, {"model": "admin.logentry", "pk": 32, "fields": {"action_time": "2018-11-16T22:50:42.035Z", "user": 1, "content_type": 4, "object_id": "7", "object_repr": "G", "action_flag": 1, "change_message": "[{\"added\": {}}]"}}, {"model": "admin.logentry", "pk": 33, "fields": {"action_time": "2018-11-16T22:50:47.783Z", "user": 1, "content_type": 4, "object_id": "8", "object_repr": "H", "action_flag": 1, "change_message": "[{\"added\": {}}]"}}, {"model": "admin.logentry", "pk": 34, "fields": {"action_time": "2018-11-16T22:50:53.206Z", "user": 1, "content_type": 4, "object_id": "9", "object_repr": "I", "action_flag": 1, "change_message": "[{\"added\": {}}]"}}, {"model": "admin.logentry", "pk": 35, "fields": {"action_time": "2018-11-16T22:50:59.054Z", "user": 1, "content_type": 4, "object_id": "10", "object_repr": "J", "action_flag": 1, "change_message": "[{\"added\": {}}]"}}, {"model": "admin.logentry", "pk": 36, "fields": {"action_time": "2018-11-16T22:51:04.799Z", "user": 1, "content_type": 4, "object_id": "11", "object_repr": "K", "action_flag": 1, "change_message": "[{\"added\": {}}]"}}, {"model": "admin.logentry", "pk": 37, "fields": {"action_time": "2018-11-16T22:51:10.853Z", "user": 1, "content_type": 4, "object_id": "12", "object_repr": "L", "action_flag": 1, "change_message": "[{\"added\": {}}]"}}, {"model": "admin.logentry", "pk": 38, "fields": {"action_time": "2018-11-16T22:51:16.737Z", "user": 1, "content_type": 4, "object_id": "13", "object_repr": "M", "action_flag": 1, "change_message": "[{\"added\": {}}]"}}, {"model": "admin.logentry", "pk": 39, "fields": {"action_time": "2018-11-16T22:51:22.866Z", "user": 1, "content_type": 4, "object_id": "14", "object_repr": "N", "action_flag": 1, "change_message": "[{\"added\": {}}]"}}, {"model": "admin.logentry", "pk": 40, "fields": {"action_time": "2018-11-16T22:51:31.260Z", "user": 1, "content_type": 4, "object_id": "15", "object_repr": "O", "action_flag": 1, "change_message": "[{\"added\": {}}]"}}, {"model": "admin.logentry", "pk": 41, "fields": {"action_time": "2018-11-16T22:51:38.286Z", "user": 1, "content_type": 4, "object_id": "16", "object_repr": "P", "action_flag": 1, "change_message": "[{\"added\": {}}]"}}, {"model": "admin.logentry", "pk": 42, "fields": {"action_time": "2018-11-16T22:51:44.047Z", "user": 1, "content_type": 4, "object_id": "17", "object_repr": "Q", "action_flag": 1, "change_message": "[{\"added\": {}}]"}}, {"model": "admin.logentry", "pk": 43, "fields": {"action_time": "2018-11-16T22:51:49.064Z", "user": 1, "content_type": 4, "object_id": "18", "object_repr": "R", "action_flag": 1, "change_message": "[{\"added\": {}}]"}}, {"model": "admin.logentry", "pk": 44, "fields": {"action_time": "2018-11-16T22:51:57.691Z", "user": 1, "content_type": 4, "object_id": "19", "object_repr": "S", "action_flag": 1, "change_message": "[{\"added\": {}}]"}}, {"model": "admin.logentry", "pk": 45, "fields": {"action_time": "2018-11-16T22:52:02.725Z", "user": 1, "content_type": 4, "object_id": "20", "object_repr": "T", "action_flag": 1, "change_message": "[{\"added\": {}}]"}}, {"model": "admin.logentry", "pk": 46, "fields": {"action_time": "2018-11-16T22:52:09.730Z", "user": 1, "content_type": 4, "object_id": "21", "object_repr": "U", "action_flag": 1, "change_message": "[{\"added\": {}}]"}}, {"model": "admin.logentry", "pk": 47, "fields": {"action_time": "2018-11-16T22:52:16.049Z", "user": 1, "content_type": 4, "object_id": "22", "object_repr": "V", "action_flag": 1, "change_message": "[{\"added\": {}}]"}}, {"model": "admin.logentry", "pk": 48, "fields": {"action_time": "2018-11-16T22:52:21.739Z", "user": 1, "content_type": 4, "object_id": "23", "object_repr": "W", "action_flag": 1, "change_message": "[{\"added\": {}}]"}}, {"model": "admin.logentry", "pk": 49, "fields": {"action_time": "2018-11-16T22:52:26.793Z", "user": 1, "content_type": 4, "object_id": "24", "object_repr": "X", "action_flag": 1, "change_message": "[{\"added\": {}}]"}}, {"model": "admin.logentry", "pk": 50, "fields": {"action_time": "2018-11-16T22:52:31.608Z", "user": 1, "content_type": 4, "object_id": "25", "object_repr": "Y", "action_flag": 1, "change_message": "[{\"added\": {}}]"}}, {"model": "admin.logentry", "pk": 51, "fields": {"action_time": "2018-11-16T22:52:38.088Z", "user": 1, "content_type": 4, "object_id": "26", "object_repr": "Z", "action_flag": 1, "change_message": "[{\"added\": {}}]"}}, {"model": "admin.logentry", "pk": 52, "fields": {"action_time": "2018-11-16T22:53:30.345Z", "user": 1, "content_type": 8, "object_id": "1", "object_repr": "Front", "action_flag": 2, "change_message": "[{\"changed\": {\"fields\": [\"rows\"]}}]"}}, {"model": "admin.logentry", "pk": 53, "fields": {"action_time": "2018-11-16T22:53:48.706Z", "user": 1, "content_type": 3, "object_id": "2", "object_repr": "Premeir", "action_flag": 1, "change_message": "[{\"added\": {}}]"}}, {"model": "admin.logentry", "pk": 54, "fields": {"action_time": "2018-11-16T22:54:00.361Z", "user": 1, "content_type": 3, "object_id": "2", "object_repr": "Premium", "action_flag": 2, "change_message": "[{\"changed\": {\"fields\": [\"name\"]}}]"}}, {"model": "admin.logentry", "pk": 55, "fields": {"action_time": "2018-11-16T22:54:27.767Z", "user": 1, "content_type": 8, "object_id": "2", "object_repr": "Back", "action_flag": 1, "change_message": "[{\"added\": {}}]"}}, {"model": "admin.logentry", "pk": 56, "fields": {"action_time": "2018-11-16T22:54:43.839Z", "user": 1, "content_type": 3, "object_id": "3", "object_repr": "Military", "action_flag": 1, "change_message": "[{\"added\": {}}]"}}, {"model": "admin.logentry", "pk": 57, "fields": {"action_time": "2018-11-16T22:55:20.651Z", "user": 1, "content_type": 3, "object_id": "4", "object_repr": "LockHeed Martin Company Pricing", "action_flag": 1, "change_message": "[{\"added\": {}}]"}}, {"model": "admin.logentry", "pk": 58, "fields": {"action_time": "2018-11-16T22:56:10.546Z", "user": 1, "content_type": 3, "object_id": "3", "object_repr": "Military", "action_flag": 3, "change_message": ""}}, {"model": "admin.logentry", "pk": 59, "fields": {"action_time": "2018-11-16T22:56:54.683Z", "user": 1, "content_type": 10, "object_id": "2", "object_repr": "Concert Hall", "action_flag": 1, "change_message": "[{\"added\": {}}]"}}, {"model": "admin.logentry", "pk": 60, "fields": {"action_time": "2018-11-16T23:15:29.714Z", "user": 1, "content_type": 14, "object_id": "2", "object_repr": "Site Admin", "action_flag": 1, "change_message": "[{\"added\": {}}]"}}, {"model": "admin.logentry", "pk": 61, "fields": {"action_time": "2018-11-16T23:19:07.371Z", "user": 1, "content_type": 14, "object_id": "3", "object_repr": "Theater Admin", "action_flag": 1, "change_message": "[{\"added\": {}}]"}}, {"model": "admin.logentry", "pk": 62, "fields": {"action_time": "2018-11-16T23:20:08.096Z", "user": 1, "content_type": 14, "object_id": "4", "object_repr": "HVTG Admin", "action_flag": 1, "change_message": "[{\"added\": {}}]"}}, {"model": "admin.logentry", "pk": 63, "fields": {"action_time": "2018-11-16T23:20:55.536Z", "user": 1, "content_type": 15, "object_id": "3", "object_repr": "HVTGAdmin", "action_flag": 1, "change_message": "[{\"added\": {}}]"}}, {"model": "admin.logentry", "pk": 64, "fields": {"action_time": "2018-11-16T23:23:11.395Z", "user": 1, "content_type": 15, "object_id": "3", "object_repr": "HVTGAdmin", "action_flag": 2, "change_message": "[{\"changed\": {\"fields\": [\"first_name\", \"last_name\", \"email\", \"is_staff\", \"groups\"]}}]"}}, {"model": "admin.logentry", "pk": 65, "fields": {"action_time": "2018-11-16T23:49:27.916Z", "user": 1, "content_type": 14, "object_id": "5", "object_repr": "VBC Volunteers", "action_flag": 1, "change_message": "[{\"added\": {}}]"}}, {"model": "admin.logentry", "pk": 66, "fields": {"action_time": "2018-11-16T23:49:47.783Z", "user": 1, "content_type": 9, "object_id": "1", "object_repr": "MacBeth", "action_flag": 2, "change_message": "[{\"changed\": {\"fields\": [\"group\"]}}]"}}, {"model": "admin.logentry", "pk": 67, "fields": {"action_time": "2018-11-16T23:51:13.043Z", "user": 1, "content_type": 2, "object_id": "2", "object_repr": "2018-11-17 23:51", "action_flag": 1, "change_message": "[{\"added\": {}}]"}}, {"model": "admin.logentry", "pk": 68, "fields": {"action_time": "2018-11-16T23:51:15.987Z", "user": 1, "content_type": 9, "object_id": "2", "object_repr": "Hamlet", "action_flag": 1, "change_message": "[{\"added\": {}}]"}}, {"model": "admin.logentry", "pk": 69, "fields": {"action_time": "2018-11-16T23:51:34.796Z", "user": 1, "content_type": 5, "object_id": "1", "object_repr": "Fall 2018", "action_flag": 2, "change_message": "[{\"changed\": {\"fields\": [\"shows\"]}}]"}}, {"model": "admin.logentry", "pk": 70, "fields": {"action_time": "2018-11-16T23:52:50.125Z", "user": 1, "content_type": 14, "object_id": "6", "object_repr": "Fantasy Playhouse", "action_flag": 1, "change_message": "[{\"added\": {}}]"}}, {"model": "admin.logentry", "pk": 71, "fields": {"action_time": "2018-11-16T23:52:57.275Z", "user": 1, "content_type": 14, "object_id": "6", "object_repr": "Fantasy Playhouse Volunteers", "action_flag": 2, "change_message": "[{\"changed\": {\"fields\": [\"name\"]}}]"}}, {"model": "admin.logentry", "pk": 72, "fields": {"action_time": "2018-11-16T23:54:32.078Z", "user": 1, "content_type": 14, "object_id": "7", "object_repr": "Fantasy Playhouse Admin", "action_flag": 1, "change_message": "[{\"added\": {}}]"}}, {"model": "admin.logentry", "pk": 73, "fields": {"action_time": "2018-11-16T23:54:46.695Z", "user": 1, "content_type": 9, "object_id": "2", "object_repr": "Hamlet", "action_flag": 2, "change_message": "[{\"changed\": {\"fields\": [\"group\"]}}]"}}, {"model": "admin.logentry", "pk": 74, "fields": {"action_time": "2018-11-17T13:25:36.346Z", "user": 1, "content_type": 11, "object_id": "2", "object_repr": "(2018-11-15 02:22:22+00:00, MacBeth, Fall 2018, Shawn Edwards)", "action_flag": 1, "change_message": "[{\"added\": {}}]"}}, {"model": "admin.logentry", "pk": 75, "fields": {"action_time": "2018-11-17T13:43:52.511Z", "user": 1, "content_type": 10, "object_id": "3", "object_repr": "Test", "action_flag": 1, "change_message": "[{\"added\": {}}]"}}, {"model": "admin.logentry", "pk": 76, "fields": {"action_time": "2018-11-17T13:59:53.020Z", "user": 1, "content_type": 9, "object_id": "3", "object_repr": "John Prine", "action_flag": 1, "change_message": "[{\"added\": {}}]"}}, {"model": "admin.logentry", "pk": 77, "fields": {"action_time": "2018-11-17T14:02:10.625Z", "user": 1, "content_type": 2, "object_id": "3", "object_repr": "2018-11-18 18:00", "action_flag": 1, "change_message": "[{\"added\": {}}]"}}, {"model": "admin.logentry", "pk": 78, "fields": {"action_time": "2018-11-17T14:03:11.394Z", "user": 1, "content_type": 9, "object_id": "4", "object_repr": "Scotty McCreedy", "action_flag": 1, "change_message": "[{\"added\": {}}]"}}, {"model": "admin.logentry", "pk": 79, "fields": {"action_time": "2018-11-17T14:03:25.883Z", "user": 1, "content_type": 5, "object_id": "1", "object_repr": "Fall 2018", "action_flag": 2, "change_message": "[{\"changed\": {\"fields\": [\"shows\"]}}]"}}, {"model": "admin.logentry", "pk": 80, "fields": {"action_time": "2018-11-17T14:05:21.162Z", "user": 1, "content_type": 11, "object_id": "3", "object_repr": "(2018-11-18 18:00:00+00:00, Scotty McCreedy, Fall 2018, Shawn Edwards)", "action_flag": 1, "change_message": "[{\"added\": {}}]"}}, {"model": "admin.logentry", "pk": 81, "fields": {"action_time": "2018-11-17T16:32:33.544Z", "user": 1, "content_type": 2, "object_id": "4", "object_repr": "2018-11-20 12:00", "action_flag": 1, "change_message": "[{\"added\": {}}]"}}, {"model": "admin.logentry", "pk": 82, "fields": {"action_time": "2018-11-17T16:32:50.306Z", "user": 1, "content_type": 9, "object_id": "4", "object_repr": "Scotty McCreedy", "action_flag": 2, "change_message": "[{\"changed\": {\"fields\": [\"performances\"]}}]"}}, {"model": "admin.logentry", "pk": 83, "fields": {"action_time": "2018-11-17T17:01:43.780Z", "user": 1, "content_type": 11, "object_id": "4", "object_repr": "(2018-11-17 23:51:06+00:00, John Prine, Fall 2018, Shawn Edwards)", "action_flag": 1, "change_message": "[{\"added\": {}}]"}}, {"model": "admin.logentry", "pk": 84, "fields": {"action_time": "2018-11-18T02:51:03.655Z", "user": 1, "content_type": 11, "object_id": "14", "object_repr": ")", "action_flag": 3, "change_message": ""}}, {"model": "admin.logentry", "pk": 85, "fields": {"action_time": "2018-11-18T02:51:03.658Z", "user": 1, "content_type": 11, "object_id": "13", "object_repr": ")", "action_flag": 3, "change_message": ""}}, {"model": "admin.logentry", "pk": 86, "fields": {"action_time": "2018-11-18T02:51:03.660Z", "user": 1, "content_type": 11, "object_id": "12", "object_repr": ")", "action_flag": 3, "change_message": ""}}, {"model": "admin.logentry", "pk": 87, "fields": {"action_time": "2018-11-18T02:51:03.661Z", "user": 1, "content_type": 11, "object_id": "11", "object_repr": ")", "action_flag": 3, "change_message": ""}}, {"model": "admin.logentry", "pk": 88, "fields": {"action_time": "2018-11-18T02:51:03.663Z", "user": 1, "content_type": 11, "object_id": "10", "object_repr": ")", "action_flag": 3, "change_message": ""}}, {"model": "admin.logentry", "pk": 89, "fields": {"action_time": "2018-11-18T02:51:03.667Z", "user": 1, "content_type": 11, "object_id": "9", "object_repr": ")", "action_flag": 3, "change_message": ""}}, {"model": "admin.logentry", "pk": 90, "fields": {"action_time": "2018-11-18T02:51:03.676Z", "user": 1, "content_type": 11, "object_id": "8", "object_repr": ")", "action_flag": 3, "change_message": ""}}, {"model": "admin.logentry", "pk": 91, "fields": {"action_time": "2018-11-18T02:51:03.677Z", "user": 1, "content_type": 11, "object_id": "7", "object_repr": ")", "action_flag": 3, "change_message": ""}}, {"model": "admin.logentry", "pk": 92, "fields": {"action_time": "2018-11-18T02:51:03.678Z", "user": 1, "content_type": 11, "object_id": "6", "object_repr": ")", "action_flag": 3, "change_message": ""}}, {"model": "admin.logentry", "pk": 93, "fields": {"action_time": "2018-11-18T02:51:03.680Z", "user": 1, "content_type": 11, "object_id": "5", "object_repr": ")", "action_flag": 3, "change_message": ""}}, {"model": "admin.logentry", "pk": 94, "fields": {"action_time": "2018-11-18T02:51:25.064Z", "user": 1, "content_type": 1, "object_id": "2", "object_repr": "Andy  Towers", "action_flag": 3, "change_message": ""}}, {"model": "admin.logentry", "pk": 95, "fields": {"action_time": "2018-11-18T02:52:28.462Z", "user": 1, "content_type": 11, "object_id": "15", "object_repr": ")", "action_flag": 2, "change_message": "[{\"changed\": {\"fields\": [\"season\"]}}]"}}, {"model": "admin.logentry", "pk": 96, "fields": {"action_time": "2018-11-18T02:55:01.430Z", "user": 1, "content_type": 11, "object_id": "19", "object_repr": ")", "action_flag": 1, "change_message": "[{\"added\": {}}]"}}, {"model": "admin.logentry", "pk": 97, "fields": {"action_time": "2018-11-18T02:55:54.752Z", "user": 1, "content_type": 11, "object_id": "20", "object_repr": ")", "action_flag": 1, "change_message": "[{\"added\": {}}]"}}, {"model": "admin.logentry", "pk": 98, "fields": {"action_time": "2018-11-18T03:37:23.844Z", "user": 1, "content_type": 2, "object_id": "3", "object_repr": "2018-11-18 18:00", "action_flag": 2, "change_message": "[{\"changed\": {\"fields\": [\"theater\"]}}]"}}, {"model": "admin.logentry", "pk": 99, "fields": {"action_time": "2018-11-18T03:37:28.992Z", "user": 1, "content_type": 2, "object_id": "3", "object_repr": "2018-11-18 18:00", "action_flag": 2, "change_message": "[{\"changed\": {\"fields\": [\"theater\"]}}]"}}, {"model": "admin.logentry", "pk": 100, "fields": {"action_time": "2018-11-18T03:39:21.589Z", "user": 1, "content_type": 2, "object_id": "5", "object_repr": "2018-11-18 03:39", "action_flag": 1, "change_message": "[{\"added\": {}}]"}}, {"model": "admin.logentry", "pk": 101, "fields": {"action_time": "2018-11-18T03:39:47.044Z", "user": 1, "content_type": 9, "object_id": "4", "object_repr": "Scotty McCreedy", "action_flag": 2, "change_message": "[{\"changed\": {\"fields\": [\"performances\"]}}]"}}, {"model": "admin.logentry", "pk": 102, "fields": {"action_time": "2018-11-18T04:55:13.919Z", "user": 1, "content_type": 11, "object_id": "24", "object_repr": "(2018-11-18 18:00:00+00:00, Scotty McCreedy, Matthew Annerton)", "action_flag": 3, "change_message": ""}}, {"model": "admin.logentry", "pk": 103, "fields": {"action_time": "2018-11-18T04:55:13.934Z", "user": 1, "content_type": 11, "object_id": "23", "object_repr": "(2018-11-18 18:00:00+00:00, Scotty McCreedy, Matthew Annerton)", "action_flag": 3, "change_message": ""}}, {"model": "admin.logentry", "pk": 104, "fields": {"action_time": "2018-11-18T04:55:13.950Z", "user": 1, "content_type": 11, "object_id": "22", "object_repr": "(2018-11-18 18:00:00+00:00, Scotty McCreedy, Shawn Edwards)", "action_flag": 3, "change_message": ""}}, {"model": "admin.logentry", "pk": 105, "fields": {"action_time": "2018-11-18T04:55:13.960Z", "user": 1, "content_type": 11, "object_id": "21", "object_repr": "(2018-11-18 18:00:00+00:00, Scotty McCreedy, Andy Towers)", "action_flag": 3, "change_message": ""}}, {"model": "admin.logentry", "pk": 106, "fields": {"action_time": "2018-11-18T04:55:13.973Z", "user": 1, "content_type": 11, "object_id": "18", "object_repr": "(2018-11-18 18:00:00+00:00, Scotty McCreedy, Andy Towers)", "action_flag": 3, "change_message": ""}}, {"model": "admin.logentry", "pk": 107, "fields": {"action_time": "2018-11-18T04:55:13.989Z", "user": 1, "content_type": 11, "object_id": "17", "object_repr": "(2018-11-18 18:00:00+00:00, Scotty McCreedy, Andy Towers)", "action_flag": 3, "change_message": ""}}, {"model": "admin.logentry", "pk": 108, "fields": {"action_time": "2018-11-18T04:55:14.007Z", "user": 1, "content_type": 11, "object_id": "16", "object_repr": "(2018-11-18 18:00:00+00:00, Scotty McCreedy, Andy Towers)", "action_flag": 3, "change_message": ""}}, {"model": "admin.logentry", "pk": 109, "fields": {"action_time": "2018-11-18T23:10:46.395Z", "user": 1, "content_type": 2, "object_id": "6", "object_repr": "2018-11-21 19:00", "action_flag": 1, "change_message": "[{\"added\": {}}]"}}, {"model": "admin.logentry", "pk": 110, "fields": {"action_time": "2018-11-18T23:11:02.446Z", "user": 1, "content_type": 2, "object_id": "7", "object_repr": "2018-11-28 19:00", "action_flag": 1, "change_message": "[{\"added\": {}}]"}}, {"model": "admin.logentry", "pk": 111, "fields": {"action_time": "2018-11-18T23:11:14.227Z", "user": 1, "content_type": 9, "object_id": "4", "object_repr": "Scotty McCreedy", "action_flag": 2, "change_message": "[{\"changed\": {\"fields\": [\"performances\"]}}]"}}, {"model": "admin.logentry", "pk": 112, "fields": {"action_time": "2018-11-18T23:46:26.623Z", "user": 1, "content_type": 11, "object_id": "50", "object_repr": "(2018-11-28 19:00:00+00:00, Scotty McCreedy, Fall 2018, Shawn Edwards)", "action_flag": 3, "change_message": ""}}, {"model": "admin.logentry", "pk": 113, "fields": {"action_time": "2018-11-18T23:46:26.640Z", "user": 1, "content_type": 11, "object_id": "49", "object_repr": "(2018-11-28 19:00:00+00:00, Scotty McCreedy, Fall 2018, Shawn Edwards)", "action_flag": 3, "change_message": ""}}, {"model": "admin.logentry", "pk": 114, "fields": {"action_time": "2018-11-18T23:46:26.649Z", "user": 1, "content_type": 11, "object_id": "48", "object_repr": "(2018-11-28 19:00:00+00:00, Scotty McCreedy, Fall 2018, Shawn Edwards)", "action_flag": 3, "change_message": ""}}, {"model": "admin.logentry", "pk": 115, "fields": {"action_time": "2018-11-18T23:46:26.660Z", "user": 1, "content_type": 11, "object_id": "47", "object_repr": "(2018-11-28 19:00:00+00:00, Scotty McCreedy, Fall 2018, Shawn Edwards)", "action_flag": 3, "change_message": ""}}, {"model": "admin.logentry", "pk": 116, "fields": {"action_time": "2018-11-18T23:46:26.669Z", "user": 1, "content_type": 11, "object_id": "46", "object_repr": "(2018-11-21 19:00:00+00:00, Scotty McCreedy, Fall 2018, Shawn Edwards)", "action_flag": 3, "change_message": ""}}, {"model": "admin.logentry", "pk": 117, "fields": {"action_time": "2018-11-18T23:46:26.695Z", "user": 1, "content_type": 11, "object_id": "45", "object_repr": "(2018-11-21 19:00:00+00:00, Scotty McCreedy, Fall 2018, Shawn Edwards)", "action_flag": 3, "change_message": ""}}, {"model": "admin.logentry", "pk": 118, "fields": {"action_time": "2018-11-18T23:46:26.714Z", "user": 1, "content_type": 11, "object_id": "44", "object_repr": "(2018-11-21 19:00:00+00:00, Scotty McCreedy, Fall 2018, Shawn Edwards)", "action_flag": 3, "change_message": ""}}, {"model": "admin.logentry", "pk": 119, "fields": {"action_time": "2018-11-18T23:46:26.746Z", "user": 1, "content_type": 11, "object_id": "43", "object_repr": "(2018-11-21 19:00:00+00:00, Scotty McCreedy, Fall 2018, Shawn Edwards)", "action_flag": 3, "change_message": ""}}, {"model": "admin.logentry", "pk": 120, "fields": {"action_time": "2018-11-19T00:31:03.103Z", "user": 1, "content_type": 11, "object_id": "130", "object_repr": "(2018-11-28 19:00:00+00:00, Scotty McCreedy, Fall 2018, Andy Towers)", "action_flag": 3, "change_message": ""}}, {"model": "admin.logentry", "pk": 121, "fields": {"action_time": "2018-11-19T00:31:03.115Z", "user": 1, "content_type": 11, "object_id": "129", "object_repr": "(2018-11-28 19:00:00+00:00, Scotty McCreedy, Fall 2018, Andy Towers)", "action_flag": 3, "change_message": ""}}, {"model": "admin.logentry", "pk": 122, "fields": {"action_time": "2018-11-19T00:31:03.129Z", "user": 1, "content_type": 11, "object_id": "128", "object_repr": "(2018-11-28 19:00:00+00:00, Scotty McCreedy, Fall 2018, Andy Towers)", "action_flag": 3, "change_message": ""}}, {"model": "admin.logentry", "pk": 123, "fields": {"action_time": "2018-11-19T00:31:03.141Z", "user": 1, "content_type": 11, "object_id": "127", "object_repr": "(2018-11-28 19:00:00+00:00, Scotty McCreedy, Fall 2018, Andy Towers)", "action_flag": 3, "change_message": ""}}, {"model": "admin.logentry", "pk": 124, "fields": {"action_time": "2018-11-19T00:31:03.149Z", "user": 1, "content_type": 11, "object_id": "126", "object_repr": "(2018-11-21 19:00:00+00:00, Scotty McCreedy, Fall 2018, Andy Towers)", "action_flag": 3, "change_message": ""}}, {"model": "admin.logentry", "pk": 125, "fields": {"action_time": "2018-11-19T00:31:03.157Z", "user": 1, "content_type": 11, "object_id": "125", "object_repr": "(2018-11-21 19:00:00+00:00, Scotty McCreedy, Fall 2018, Andy Towers)", "action_flag": 3, "change_message": ""}}, {"model": "admin.logentry", "pk": 126, "fields": {"action_time": "2018-11-19T00:31:03.169Z", "user": 1, "content_type": 11, "object_id": "124", "object_repr": "(2018-11-21 19:00:00+00:00, Scotty McCreedy, Fall 2018, Andy Towers)", "action_flag": 3, "change_message": ""}}, {"model": "admin.logentry", "pk": 127, "fields": {"action_time": "2018-11-19T00:31:03.183Z", "user": 1, "content_type": 11, "object_id": "123", "object_repr": "(2018-11-21 19:00:00+00:00, Scotty McCreedy, Fall 2018, Andy Towers)", "action_flag": 3, "change_message": ""}}, {"model": "admin.logentry", "pk": 128, "fields": {"action_time": "2018-11-19T00:31:03.195Z", "user": 1, "content_type": 11, "object_id": "122", "object_repr": "(2018-11-28 19:00:00+00:00, Scotty McCreedy, Fall 2018, Andy Towers)", "action_flag": 3, "change_message": ""}}, {"model": "admin.logentry", "pk": 129, "fields": {"action_time": "2018-11-19T00:31:03.203Z", "user": 1, "content_type": 11, "object_id": "121", "object_repr": "(2018-11-28 19:00:00+00:00, Scotty McCreedy, Fall 2018, Andy Towers)", "action_flag": 3, "change_message": ""}}, {"model": "admin.logentry", "pk": 130, "fields": {"action_time": "2018-11-19T00:31:03.213Z", "user": 1, "content_type": 11, "object_id": "120", "object_repr": "(2018-11-28 19:00:00+00:00, Scotty McCreedy, Fall 2018, Andy Towers)", "action_flag": 3, "change_message": ""}}, {"model": "admin.logentry", "pk": 131, "fields": {"action_time": "2018-11-19T00:31:03.224Z", "user": 1, "content_type": 11, "object_id": "119", "object_repr": "(2018-11-28 19:00:00+00:00, Scotty McCreedy, Fall 2018, Andy Towers)", "action_flag": 3, "change_message": ""}}, {"model": "admin.logentry", "pk": 132, "fields": {"action_time": "2018-11-19T00:31:03.237Z", "user": 1, "content_type": 11, "object_id": "118", "object_repr": "(2018-11-21 19:00:00+00:00, Scotty McCreedy, Fall 2018, Andy Towers)", "action_flag": 3, "change_message": ""}}, {"model": "admin.logentry", "pk": 133, "fields": {"action_time": "2018-11-19T00:31:03.250Z", "user": 1, "content_type": 11, "object_id": "117", "object_repr": "(2018-11-21 19:00:00+00:00, Scotty McCreedy, Fall 2018, Andy Towers)", "action_flag": 3, "change_message": ""}}, {"model": "admin.logentry", "pk": 134, "fields": {"action_time": "2018-11-19T00:31:03.259Z", "user": 1, "content_type": 11, "object_id": "116", "object_repr": "(2018-11-21 19:00:00+00:00, Scotty McCreedy, Fall 2018, Andy Towers)", "action_flag": 3, "change_message": ""}}, {"model": "admin.logentry", "pk": 135, "fields": {"action_time": "2018-11-19T00:31:03.267Z", "user": 1, "content_type": 11, "object_id": "115", "object_repr": "(2018-11-21 19:00:00+00:00, Scotty McCreedy, Fall 2018, Andy Towers)", "action_flag": 3, "change_message": ""}}, {"model": "admin.logentry", "pk": 136, "fields": {"action_time": "2018-11-19T00:31:03.278Z", "user": 1, "content_type": 11, "object_id": "114", "object_repr": "(2018-11-28 19:00:00+00:00, Scotty McCreedy, Fall 2018, Andy Towers)", "action_flag": 3, "change_message": ""}}, {"model": "admin.logentry", "pk": 137, "fields": {"action_time": "2018-11-19T00:31:03.290Z", "user": 1, "content_type": 11, "object_id": "113", "object_repr": "(2018-11-28 19:00:00+00:00, Scotty McCreedy, Fall 2018, Andy Towers)", "action_flag": 3, "change_message": ""}}, {"model": "admin.logentry", "pk": 138, "fields": {"action_time": "2018-11-19T00:31:03.305Z", "user": 1, "content_type": 11, "object_id": "112", "object_repr": "(2018-11-28 19:00:00+00:00, Scotty McCreedy, Fall 2018, Andy Towers)", "action_flag": 3, "change_message": ""}}, {"model": "admin.logentry", "pk": 139, "fields": {"action_time": "2018-11-19T00:31:03.313Z", "user": 1, "content_type": 11, "object_id": "111", "object_repr": "(2018-11-28 19:00:00+00:00, Scotty McCreedy, Fall 2018, Andy Towers)", "action_flag": 3, "change_message": ""}}, {"model": "admin.logentry", "pk": 140, "fields": {"action_time": "2018-11-19T00:31:03.322Z", "user": 1, "content_type": 11, "object_id": "110", "object_repr": "(2018-11-21 19:00:00+00:00, Scotty McCreedy, Fall 2018, Andy Towers)", "action_flag": 3, "change_message": ""}}, {"model": "admin.logentry", "pk": 141, "fields": {"action_time": "2018-11-19T00:31:03.335Z", "user": 1, "content_type": 11, "object_id": "109", "object_repr": "(2018-11-21 19:00:00+00:00, Scotty McCreedy, Fall 2018, Andy Towers)", "action_flag": 3, "change_message": ""}}, {"model": "admin.logentry", "pk": 142, "fields": {"action_time": "2018-11-19T00:31:03.348Z", "user": 1, "content_type": 11, "object_id": "108", "object_repr": "(2018-11-21 19:00:00+00:00, Scotty McCreedy, Fall 2018, Andy Towers)", "action_flag": 3, "change_message": ""}}, {"model": "admin.logentry", "pk": 143, "fields": {"action_time": "2018-11-19T00:31:03.358Z", "user": 1, "content_type": 11, "object_id": "107", "object_repr": "(2018-11-21 19:00:00+00:00, Scotty McCreedy, Fall 2018, Andy Towers)", "action_flag": 3, "change_message": ""}}, {"model": "admin.logentry", "pk": 144, "fields": {"action_time": "2018-11-19T00:31:03.367Z", "user": 1, "content_type": 11, "object_id": "106", "object_repr": "(2018-11-28 19:00:00+00:00, Scotty McCreedy, Fall 2018, Andy Towers)", "action_flag": 3, "change_message": ""}}, {"model": "admin.logentry", "pk": 145, "fields": {"action_time": "2018-11-19T00:31:03.379Z", "user": 1, "content_type": 11, "object_id": "105", "object_repr": "(2018-11-28 19:00:00+00:00, Scotty McCreedy, Fall 2018, Andy Towers)", "action_flag": 3, "change_message": ""}}, {"model": "admin.logentry", "pk": 146, "fields": {"action_time": "2018-11-19T00:31:03.395Z", "user": 1, "content_type": 11, "object_id": "104", "object_repr": "(2018-11-28 19:00:00+00:00, Scotty McCreedy, Fall 2018, Andy Towers)", "action_flag": 3, "change_message": ""}}, {"model": "admin.logentry", "pk": 147, "fields": {"action_time": "2018-11-19T00:31:03.410Z", "user": 1, "content_type": 11, "object_id": "103", "object_repr": "(2018-11-28 19:00:00+00:00, Scotty McCreedy, Fall 2018, Andy Towers)", "action_flag": 3, "change_message": ""}}, {"model": "admin.logentry", "pk": 148, "fields": {"action_time": "2018-11-19T00:31:03.417Z", "user": 1, "content_type": 11, "object_id": "102", "object_repr": "(2018-11-21 19:00:00+00:00, Scotty McCreedy, Fall 2018, Andy Towers)", "action_flag": 3, "change_message": ""}}, {"model": "admin.logentry", "pk": 149, "fields": {"action_time": "2018-11-19T00:31:03.426Z", "user": 1, "content_type": 11, "object_id": "101", "object_repr": "(2018-11-21 19:00:00+00:00, Scotty McCreedy, Fall 2018, Andy Towers)", "action_flag": 3, "change_message": ""}}, {"model": "admin.logentry", "pk": 150, "fields": {"action_time": "2018-11-19T00:31:03.440Z", "user": 1, "content_type": 11, "object_id": "100", "object_repr": "(2018-11-21 19:00:00+00:00, Scotty McCreedy, Fall 2018, Andy Towers)", "action_flag": 3, "change_message": ""}}, {"model": "admin.logentry", "pk": 151, "fields": {"action_time": "2018-11-19T00:31:03.450Z", "user": 1, "content_type": 11, "object_id": "99", "object_repr": "(2018-11-21 19:00:00+00:00, Scotty McCreedy, Fall 2018, Andy Towers)", "action_flag": 3, "change_message": ""}}, {"model": "admin.logentry", "pk": 152, "fields": {"action_time": "2018-11-19T00:31:03.461Z", "user": 1, "content_type": 11, "object_id": "98", "object_repr": "(2018-11-28 19:00:00+00:00, Scotty McCreedy, Fall 2018, Andy Towers)", "action_flag": 3, "change_message": ""}}, {"model": "admin.logentry", "pk": 153, "fields": {"action_time": "2018-11-19T00:31:03.468Z", "user": 1, "content_type": 11, "object_id": "97", "object_repr": "(2018-11-28 19:00:00+00:00, Scotty McCreedy, Fall 2018, Andy Towers)", "action_flag": 3, "change_message": ""}}, {"model": "admin.logentry", "pk": 154, "fields": {"action_time": "2018-11-19T00:31:03.477Z", "user": 1, "content_type": 11, "object_id": "96", "object_repr": "(2018-11-28 19:00:00+00:00, Scotty McCreedy, Fall 2018, Andy Towers)", "action_flag": 3, "change_message": ""}}, {"model": "admin.logentry", "pk": 155, "fields": {"action_time": "2018-11-19T00:31:03.484Z", "user": 1, "content_type": 11, "object_id": "95", "object_repr": "(2018-11-28 19:00:00+00:00, Scotty McCreedy, Fall 2018, Andy Towers)", "action_flag": 3, "change_message": ""}}, {"model": "admin.logentry", "pk": 156, "fields": {"action_time": "2018-11-19T00:31:03.496Z", "user": 1, "content_type": 11, "object_id": "94", "object_repr": "(2018-11-21 19:00:00+00:00, Scotty McCreedy, Fall 2018, Andy Towers)", "action_flag": 3, "change_message": ""}}, {"model": "admin.logentry", "pk": 157, "fields": {"action_time": "2018-11-19T00:31:03.510Z", "user": 1, "content_type": 11, "object_id": "93", "object_repr": "(2018-11-21 19:00:00+00:00, Scotty McCreedy, Fall 2018, Andy Towers)", "action_flag": 3, "change_message": ""}}, {"model": "admin.logentry", "pk": 158, "fields": {"action_time": "2018-11-19T00:31:03.526Z", "user": 1, "content_type": 11, "object_id": "92", "object_repr": "(2018-11-21 19:00:00+00:00, Scotty McCreedy, Fall 2018, Andy Towers)", "action_flag": 3, "change_message": ""}}, {"model": "admin.logentry", "pk": 159, "fields": {"action_time": "2018-11-19T00:31:03.534Z", "user": 1, "content_type": 11, "object_id": "91", "object_repr": "(2018-11-21 19:00:00+00:00, Scotty McCreedy, Fall 2018, Andy Towers)", "action_flag": 3, "change_message": ""}}, {"model": "admin.logentry", "pk": 160, "fields": {"action_time": "2018-11-19T00:31:03.544Z", "user": 1, "content_type": 11, "object_id": "90", "object_repr": "(2018-11-28 19:00:00+00:00, Scotty McCreedy, Fall 2018, Andy Towers)", "action_flag": 3, "change_message": ""}}, {"model": "admin.logentry", "pk": 161, "fields": {"action_time": "2018-11-19T00:31:03.559Z", "user": 1, "content_type": 11, "object_id": "89", "object_repr": "(2018-11-28 19:00:00+00:00, Scotty McCreedy, Fall 2018, Andy Towers)", "action_flag": 3, "change_message": ""}}, {"model": "admin.logentry", "pk": 162, "fields": {"action_time": "2018-11-19T00:31:03.577Z", "user": 1, "content_type": 11, "object_id": "88", "object_repr": "(2018-11-28 19:00:00+00:00, Scotty McCreedy, Fall 2018, Andy Towers)", "action_flag": 3, "change_message": ""}}, {"model": "admin.logentry", "pk": 163, "fields": {"action_time": "2018-11-19T00:31:03.587Z", "user": 1, "content_type": 11, "object_id": "87", "object_repr": "(2018-11-28 19:00:00+00:00, Scotty McCreedy, Fall 2018, Andy Towers)", "action_flag": 3, "change_message": ""}}, {"model": "admin.logentry", "pk": 164, "fields": {"action_time": "2018-11-19T00:31:03.595Z", "user": 1, "content_type": 11, "object_id": "86", "object_repr": "(2018-11-21 19:00:00+00:00, Scotty McCreedy, Fall 2018, Andy Towers)", "action_flag": 3, "change_message": ""}}, {"model": "admin.logentry", "pk": 165, "fields": {"action_time": "2018-11-19T00:31:03.604Z", "user": 1, "content_type": 11, "object_id": "85", "object_repr": "(2018-11-21 19:00:00+00:00, Scotty McCreedy, Fall 2018, Andy Towers)", "action_flag": 3, "change_message": ""}}, {"model": "admin.logentry", "pk": 166, "fields": {"action_time": "2018-11-19T00:31:03.620Z", "user": 1, "content_type": 11, "object_id": "84", "object_repr": "(2018-11-21 19:00:00+00:00, Scotty McCreedy, Fall 2018, Andy Towers)", "action_flag": 3, "change_message": ""}}, {"model": "admin.logentry", "pk": 167, "fields": {"action_time": "2018-11-19T00:31:03.634Z", "user": 1, "content_type": 11, "object_id": "83", "object_repr": "(2018-11-21 19:00:00+00:00, Scotty McCreedy, Fall 2018, Andy Towers)", "action_flag": 3, "change_message": ""}}, {"model": "admin.logentry", "pk": 168, "fields": {"action_time": "2018-11-19T00:31:03.644Z", "user": 1, "content_type": 11, "object_id": "82", "object_repr": "(2018-11-28 19:00:00+00:00, Scotty McCreedy, Fall 2018, Andy Towers)", "action_flag": 3, "change_message": ""}}, {"model": "admin.logentry", "pk": 169, "fields": {"action_time": "2018-11-19T00:31:03.652Z", "user": 1, "content_type": 11, "object_id": "81", "object_repr": "(2018-11-28 19:00:00+00:00, Scotty McCreedy, Fall 2018, Andy Towers)", "action_flag": 3, "change_message": ""}}, {"model": "admin.logentry", "pk": 170, "fields": {"action_time": "2018-11-19T00:31:03.665Z", "user": 1, "content_type": 11, "object_id": "80", "object_repr": "(2018-11-28 19:00:00+00:00, Scotty McCreedy, Fall 2018, Andy Towers)", "action_flag": 3, "change_message": ""}}, {"model": "admin.logentry", "pk": 171, "fields": {"action_time": "2018-11-19T00:31:03.676Z", "user": 1, "content_type": 11, "object_id": "79", "object_repr": "(2018-11-28 19:00:00+00:00, Scotty McCreedy, Fall 2018, Andy Towers)", "action_flag": 3, "change_message": ""}}, {"model": "admin.logentry", "pk": 172, "fields": {"action_time": "2018-11-19T00:31:03.688Z", "user": 1, "content_type": 11, "object_id": "78", "object_repr": "(2018-11-21 19:00:00+00:00, Scotty McCreedy, Fall 2018, Andy Towers)", "action_flag": 3, "change_message": ""}}, {"model": "admin.logentry", "pk": 173, "fields": {"action_time": "2018-11-19T00:31:03.697Z", "user": 1, "content_type": 11, "object_id": "77", "object_repr": "(2018-11-21 19:00:00+00:00, Scotty McCreedy, Fall 2018, Andy Towers)", "action_flag": 3, "change_message": ""}}, {"model": "admin.logentry", "pk": 174, "fields": {"action_time": "2018-11-19T00:31:03.705Z", "user": 1, "content_type": 11, "object_id": "76", "object_repr": "(2018-11-21 19:00:00+00:00, Scotty McCreedy, Fall 2018, Andy Towers)", "action_flag": 3, "change_message": ""}}, {"model": "admin.logentry", "pk": 175, "fields": {"action_time": "2018-11-19T00:31:03.718Z", "user": 1, "content_type": 11, "object_id": "75", "object_repr": "(2018-11-21 19:00:00+00:00, Scotty McCreedy, Fall 2018, Andy Towers)", "action_flag": 3, "change_message": ""}}, {"model": "admin.logentry", "pk": 176, "fields": {"action_time": "2018-11-19T00:31:03.725Z", "user": 1, "content_type": 11, "object_id": "74", "object_repr": "(2018-11-28 19:00:00+00:00, Scotty McCreedy, Fall 2018, Andy Towers)", "action_flag": 3, "change_message": ""}}, {"model": "admin.logentry", "pk": 177, "fields": {"action_time": "2018-11-19T00:31:03.735Z", "user": 1, "content_type": 11, "object_id": "73", "object_repr": "(2018-11-28 19:00:00+00:00, Scotty McCreedy, Fall 2018, Andy Towers)", "action_flag": 3, "change_message": ""}}, {"model": "admin.logentry", "pk": 178, "fields": {"action_time": "2018-11-19T00:31:03.745Z", "user": 1, "content_type": 11, "object_id": "72", "object_repr": "(2018-11-28 19:00:00+00:00, Scotty McCreedy, Fall 2018, Andy Towers)", "action_flag": 3, "change_message": ""}}, {"model": "admin.logentry", "pk": 179, "fields": {"action_time": "2018-11-19T00:31:03.760Z", "user": 1, "content_type": 11, "object_id": "71", "object_repr": "(2018-11-28 19:00:00+00:00, Scotty McCreedy, Fall 2018, Andy Towers)", "action_flag": 3, "change_message": ""}}, {"model": "admin.logentry", "pk": 180, "fields": {"action_time": "2018-11-19T00:31:03.773Z", "user": 1, "content_type": 11, "object_id": "70", "object_repr": "(2018-11-21 19:00:00+00:00, Scotty McCreedy, Fall 2018, Andy Towers)", "action_flag": 3, "change_message": ""}}, {"model": "admin.logentry", "pk": 181, "fields": {"action_time": "2018-11-19T00:31:03.780Z", "user": 1, "content_type": 11, "object_id": "69", "object_repr": "(2018-11-21 19:00:00+00:00, Scotty McCreedy, Fall 2018, Andy Towers)", "action_flag": 3, "change_message": ""}}, {"model": "admin.logentry", "pk": 182, "fields": {"action_time": "2018-11-19T00:31:03.790Z", "user": 1, "content_type": 11, "object_id": "68", "object_repr": "(2018-11-21 19:00:00+00:00, Scotty McCreedy, Fall 2018, Andy Towers)", "action_flag": 3, "change_message": ""}}, {"model": "admin.logentry", "pk": 183, "fields": {"action_time": "2018-11-19T00:31:03.806Z", "user": 1, "content_type": 11, "object_id": "67", "object_repr": "(2018-11-21 19:00:00+00:00, Scotty McCreedy, Fall 2018, Andy Towers)", "action_flag": 3, "change_message": ""}}, {"model": "admin.logentry", "pk": 184, "fields": {"action_time": "2018-11-19T00:31:03.820Z", "user": 1, "content_type": 11, "object_id": "66", "object_repr": "(2018-11-28 19:00:00+00:00, Scotty McCreedy, Fall 2018, Andy Towers)", "action_flag": 3, "change_message": ""}}, {"model": "admin.logentry", "pk": 185, "fields": {"action_time": "2018-11-19T00:31:03.828Z", "user": 1, "content_type": 11, "object_id": "65", "object_repr": "(2018-11-28 19:00:00+00:00, Scotty McCreedy, Fall 2018, Andy Towers)", "action_flag": 3, "change_message": ""}}, {"model": "admin.logentry", "pk": 186, "fields": {"action_time": "2018-11-19T00:31:03.837Z", "user": 1, "content_type": 11, "object_id": "64", "object_repr": "(2018-11-28 19:00:00+00:00, Scotty McCreedy, Fall 2018, Andy Towers)", "action_flag": 3, "change_message": ""}}, {"model": "admin.logentry", "pk": 187, "fields": {"action_time": "2018-11-19T00:31:03.858Z", "user": 1, "content_type": 11, "object_id": "63", "object_repr": "(2018-11-28 19:00:00+00:00, Scotty McCreedy, Fall 2018, Andy Towers)", "action_flag": 3, "change_message": ""}}, {"model": "admin.logentry", "pk": 188, "fields": {"action_time": "2018-11-19T00:31:03.882Z", "user": 1, "content_type": 11, "object_id": "62", "object_repr": "(2018-11-21 19:00:00+00:00, Scotty McCreedy, Fall 2018, Andy Towers)", "action_flag": 3, "change_message": ""}}, {"model": "admin.logentry", "pk": 189, "fields": {"action_time": "2018-11-19T00:31:03.895Z", "user": 1, "content_type": 11, "object_id": "61", "object_repr": "(2018-11-21 19:00:00+00:00, Scotty McCreedy, Fall 2018, Andy Towers)", "action_flag": 3, "change_message": ""}}, {"model": "admin.logentry", "pk": 190, "fields": {"action_time": "2018-11-19T00:31:03.903Z", "user": 1, "content_type": 11, "object_id": "60", "object_repr": "(2018-11-21 19:00:00+00:00, Scotty McCreedy, Fall 2018, Andy Towers)", "action_flag": 3, "change_message": ""}}, {"model": "admin.logentry", "pk": 191, "fields": {"action_time": "2018-11-19T00:31:03.914Z", "user": 1, "content_type": 11, "object_id": "59", "object_repr": "(2018-11-21 19:00:00+00:00, Scotty McCreedy, Fall 2018, Andy Towers)", "action_flag": 3, "change_message": ""}}, {"model": "admin.logentry", "pk": 192, "fields": {"action_time": "2018-11-19T00:31:03.948Z", "user": 1, "content_type": 11, "object_id": "58", "object_repr": "(2018-11-28 19:00:00+00:00, Scotty McCreedy, Fall 2018, Andy Towers)", "action_flag": 3, "change_message": ""}}, {"model": "admin.logentry", "pk": 193, "fields": {"action_time": "2018-11-19T00:31:03.963Z", "user": 1, "content_type": 11, "object_id": "57", "object_repr": "(2018-11-28 19:00:00+00:00, Scotty McCreedy, Fall 2018, Andy Towers)", "action_flag": 3, "change_message": ""}}, {"model": "admin.logentry", "pk": 194, "fields": {"action_time": "2018-11-19T00:31:03.977Z", "user": 1, "content_type": 11, "object_id": "56", "object_repr": "(2018-11-28 19:00:00+00:00, Scotty McCreedy, Fall 2018, Andy Towers)", "action_flag": 3, "change_message": ""}}, {"model": "admin.logentry", "pk": 195, "fields": {"action_time": "2018-11-19T00:31:03.995Z", "user": 1, "content_type": 11, "object_id": "55", "object_repr": "(2018-11-28 19:00:00+00:00, Scotty McCreedy, Fall 2018, Andy Towers)", "action_flag": 3, "change_message": ""}}, {"model": "admin.logentry", "pk": 196, "fields": {"action_time": "2018-11-19T00:31:04.004Z", "user": 1, "content_type": 11, "object_id": "54", "object_repr": "(2018-11-21 19:00:00+00:00, Scotty McCreedy, Fall 2018, Andy Towers)", "action_flag": 3, "change_message": ""}}, {"model": "admin.logentry", "pk": 197, "fields": {"action_time": "2018-11-19T00:31:04.022Z", "user": 1, "content_type": 11, "object_id": "53", "object_repr": "(2018-11-21 19:00:00+00:00, Scotty McCreedy, Fall 2018, Andy Towers)", "action_flag": 3, "change_message": ""}}, {"model": "admin.logentry", "pk": 198, "fields": {"action_time": "2018-11-19T00:31:04.044Z", "user": 1, "content_type": 11, "object_id": "52", "object_repr": "(2018-11-21 19:00:00+00:00, Scotty McCreedy, Fall 2018, Andy Towers)", "action_flag": 3, "change_message": ""}}, {"model": "admin.logentry", "pk": 199, "fields": {"action_time": "2018-11-19T00:31:04.051Z", "user": 1, "content_type": 11, "object_id": "51", "object_repr": "(2018-11-21 19:00:00+00:00, Scotty McCreedy, Fall 2018, Andy Towers)", "action_flag": 3, "change_message": ""}}, {"model": "admin.logentry", "pk": 200, "fields": {"action_time": "2018-11-19T00:31:35.547Z", "user": 1, "content_type": 11, "object_id": "42", "object_repr": "()", "action_flag": 3, "change_message": ""}}, {"model": "admin.logentry", "pk": 201, "fields": {"action_time": "2018-11-19T00:31:35.551Z", "user": 1, "content_type": 11, "object_id": "41", "object_repr": "()", "action_flag": 3, "change_message": ""}}, {"model": "admin.logentry", "pk": 202, "fields": {"action_time": "2018-11-19T00:31:35.554Z", "user": 1, "content_type": 11, "object_id": "40", "object_repr": "()", "action_flag": 3, "change_message": ""}}, {"model": "admin.logentry", "pk": 203, "fields": {"action_time": "2018-11-19T00:31:35.557Z", "user": 1, "content_type": 11, "object_id": "39", "object_repr": "()", "action_flag": 3, "change_message": ""}}, {"model": "admin.logentry", "pk": 204, "fields": {"action_time": "2018-11-19T00:34:30.829Z", "user": 1, "content_type": 11, "object_id": "138", "object_repr": "(2018-11-28 19:00:00+00:00, Scotty McCreedy, Fall 2018, Andy Towers)", "action_flag": 3, "change_message": ""}}, {"model": "admin.logentry", "pk": 205, "fields": {"action_time": "2018-11-19T00:34:30.839Z", "user": 1, "content_type": 11, "object_id": "137", "object_repr": "(2018-11-28 19:00:00+00:00, Scotty McCreedy, Fall 2018, Andy Towers)", "action_flag": 3, "change_message": ""}}, {"model": "admin.logentry", "pk": 206, "fields": {"action_time": "2018-11-19T00:34:30.850Z", "user": 1, "content_type": 11, "object_id": "136", "object_repr": "(2018-11-28 19:00:00+00:00, Scotty McCreedy, Fall 2018, Andy Towers)", "action_flag": 3, "change_message": ""}}, {"model": "admin.logentry", "pk": 207, "fields": {"action_time": "2018-11-19T00:34:30.866Z", "user": 1, "content_type": 11, "object_id": "135", "object_repr": "(2018-11-28 19:00:00+00:00, Scotty McCreedy, Fall 2018, Andy Towers)", "action_flag": 3, "change_message": ""}}, {"model": "admin.logentry", "pk": 208, "fields": {"action_time": "2018-11-19T00:34:30.877Z", "user": 1, "content_type": 11, "object_id": "134", "object_repr": "(2018-11-21 19:00:00+00:00, Scotty McCreedy, Fall 2018, Andy Towers)", "action_flag": 3, "change_message": ""}}, {"model": "admin.logentry", "pk": 209, "fields": {"action_time": "2018-11-19T00:34:30.899Z", "user": 1, "content_type": 11, "object_id": "133", "object_repr": "(2018-11-21 19:00:00+00:00, Scotty McCreedy, Fall 2018, Andy Towers)", "action_flag": 3, "change_message": ""}}, {"model": "admin.logentry", "pk": 210, "fields": {"action_time": "2018-11-19T00:34:30.908Z", "user": 1, "content_type": 11, "object_id": "132", "object_repr": "(2018-11-21 19:00:00+00:00, Scotty McCreedy, Fall 2018, Andy Towers)", "action_flag": 3, "change_message": ""}}, {"model": "admin.logentry", "pk": 211, "fields": {"action_time": "2018-11-19T00:34:30.921Z", "user": 1, "content_type": 11, "object_id": "131", "object_repr": "(2018-11-21 19:00:00+00:00, Scotty McCreedy, Fall 2018, Andy Towers)", "action_flag": 3, "change_message": ""}}, {"model": "admin.logentry", "pk": 212, "fields": {"action_time": "2018-11-19T00:35:00.650Z", "user": 1, "content_type": 11, "object_id": "15", "object_repr": "(2018-11-18 18:00:00+00:00, Scotty McCreedy, Fall 2018, Andy Towers)", "action_flag": 3, "change_message": ""}}, {"model": "admin.logentry", "pk": 213, "fields": {"action_time": "2018-11-19T00:35:10.140Z", "user": 1, "content_type": 1, "object_id": "3", "object_repr": "Andy  Towers", "action_flag": 3, "change_message": ""}}, {"model": "admin.logentry", "pk": 214, "fields": {"action_time": "2018-11-19T00:53:20.630Z", "user": 1, "content_type": 6, "object_id": "3", "object_repr": "", "action_flag": 3, "change_message": ""}}, {"model": "admin.logentry", "pk": 215, "fields": {"action_time": "2018-11-19T18:33:17.708Z", "user": 1, "content_type": 15, "object_id": "4", "object_repr": "NotVolunteer", "action_flag": 1, "change_message": "[{\"added\": {}}]"}}, {"model": "admin.logentry", "pk": 216, "fields": {"action_time": "2018-11-19T18:33:31.494Z", "user": 1, "content_type": 15, "object_id": "4", "object_repr": "NotVolunteer", "action_flag": 2, "change_message": "[{\"changed\": {\"fields\": [\"first_name\", \"last_name\", \"is_staff\"]}}]"}}, {"model": "admin.logentry", "pk": 217, "fields": {"action_time": "2018-11-19T20:17:30.462Z", "user": 1, "content_type": 9, "object_id": "3", "object_repr": "John Prine", "action_flag": 2, "change_message": "[{\"changed\": {\"fields\": [\"performances\"]}}]"}}, {"model": "admin.logentry", "pk": 218, "fields": {"action_time": "2018-11-19T20:17:49.008Z", "user": 1, "content_type": 9, "object_id": "4", "object_repr": "Scotty McCreedy", "action_flag": 2, "change_message": "[{\"changed\": {\"fields\": [\"group\"]}}]"}}, {"model": "admin.logentry", "pk": 219, "fields": {"action_time": "2018-11-19T20:18:17.614Z", "user": 1, "content_type": 15, "object_id": "5", "object_repr": "FPVUser", "action_flag": 1, "change_message": "[{\"added\": {}}]"}}, {"model": "admin.logentry", "pk": 220, "fields": {"action_time": "2018-11-19T20:18:47.083Z", "user": 1, "content_type": 15, "object_id": "5", "object_repr": "FPVUser", "action_flag": 2, "change_message": "[{\"changed\": {\"fields\": [\"first_name\", \"last_name\", \"is_staff\", \"groups\"]}}]"}}, {"model": "admin.logentry", "pk": 221, "fields": {"action_time": "2018-11-19T23:32:54.749Z", "user": 1, "content_type": 15, "object_id": "6", "object_repr": "FPVAdmin", "action_flag": 1, "change_message": "[{\"added\": {}}]"}}, {"model": "admin.logentry", "pk": 222, "fields": {"action_time": "2018-11-19T23:33:05.256Z", "user": 1, "content_type": 15, "object_id": "6", "object_repr": "FPVAdmin", "action_flag": 2, "change_message": "[{\"changed\": {\"fields\": [\"first_name\", \"last_name\", \"is_staff\"]}}]"}}, {"model": "admin.logentry", "pk": 223, "fields": {"action_time": "2018-11-19T23:33:13.623Z", "user": 1, "content_type": 15, "object_id": "6", "object_repr": "FPVAdmin", "action_flag": 2, "change_message": "[]"}}, {"model": "admin.logentry", "pk": 224, "fields": {"action_time": "2018-11-20T00:17:03.088Z", "user": 1, "content_type": 15, "object_id": "1", "object_repr": "admin", "action_flag": 2, "change_message": "[{\"changed\": {\"fields\": [\"groups\"]}}]"}}, {"model": "admin.logentry", "pk": 225, "fields": {"action_time": "2018-11-20T00:18:11.314Z", "user": 1, "content_type": 15, "object_id": "7", "object_repr": "HVTGUser", "action_flag": 1, "change_message": "[{\"added\": {}}]"}}, {"model": "admin.logentry", "pk": 226, "fields": {"action_time": "2018-11-20T00:18:31.549Z", "user": 1, "content_type": 15, "object_id": "7", "object_repr": "HVTGUser", "action_flag": 2, "change_message": "[{\"changed\": {\"fields\": [\"first_name\", \"last_name\", \"is_staff\", \"groups\"]}}]"}}, {"model": "admin.logentry", "pk": 227, "fields": {"action_time": "2018-11-20T00:19:10.987Z", "user": 1, "content_type": 15, "object_id": "7", "object_repr": "HVTGUser", "action_flag": 2, "change_message": "[{\"changed\": {\"fields\": [\"groups\"]}}]"}}, {"model": "admin.logentry", "pk": 228, "fields": {"action_time": "2018-11-20T00:52:46.385Z", "user": 1, "content_type": 2, "object_id": "8", "object_repr": "2018-11-21 19:00", "action_flag": 1, "change_message": "[{\"added\": {}}]"}}, {"model": "admin.logentry", "pk": 229, "fields": {"action_time": "2018-11-20T00:53:04.868Z", "user": 1, "content_type": 9, "object_id": "2", "object_repr": "Hamlet", "action_flag": 2, "change_message": "[{\"changed\": {\"fields\": [\"performances\"]}}]"}}, {"model": "admin.logentry", "pk": 230, "fields": {"action_time": "2018-11-20T00:53:36.019Z", "user": 1, "content_type": 2, "object_id": "8", "object_repr": "2018-11-21 19:00", "action_flag": 3, "change_message": ""}}, {"model": "admin.logentry", "pk": 231, "fields": {"action_time": "2018-11-20T00:53:42.165Z", "user": 1, "content_type": 2, "object_id": "6", "object_repr": "2018-11-21 19:00", "action_flag": 2, "change_message": "[{\"changed\": {\"fields\": [\"theater\"]}}]"}}, {"model": "admin.logentry", "pk": 232, "fields": {"action_time": "2018-11-20T00:53:52.776Z", "user": 1, "content_type": 9, "object_id": "2", "object_repr": "Hamlet", "action_flag": 2, "change_message": "[{\"changed\": {\"fields\": [\"performances\"]}}]"}}, {"model": "admin.logentry", "pk": 233, "fields": {"action_time": "2018-11-20T01:46:12.662Z", "user": 1, "content_type": 8, "object_id": "2", "object_repr": "Back", "action_flag": 2, "change_message": "[]"}}, {"model": "admin.logentry", "pk": 234, "fields": {"action_time": "2018-11-20T01:46:18.366Z", "user": 1, "content_type": 8, "object_id": "1", "object_repr": "Front", "action_flag": 2, "change_message": "[{\"changed\": {\"fields\": [\"pricegroups\"]}}]"}}, {"model": "admin.logentry", "pk": 235, "fields": {"action_time": "2018-11-20T13:08:47.882Z", "user": 1, "content_type": 2, "object_id": "6", "object_repr": "2018-11-21 19:00", "action_flag": 2, "change_message": "[{\"changed\": {\"fields\": [\"theater\"]}}]"}}, {"model": "admin.logentry", "pk": 236, "fields": {"action_time": "2018-11-20T13:09:00.644Z", "user": 1, "content_type": 2, "object_id": "9", "object_repr": "2018-11-21 19:00", "action_flag": 1, "change_message": "[{\"added\": {}}]"}}, {"model": "admin.logentry", "pk": 237, "fields": {"action_time": "2018-11-20T13:09:30.311Z", "user": 1, "content_type": 9, "object_id": "4", "object_repr": "Scotty McCreedy", "action_flag": 2, "change_message": "[{\"changed\": {\"fields\": [\"performances\"]}}]"}}, {"model": "admin.logentry", "pk": 238, "fields": {"action_time": "2018-11-20T13:20:06.743Z", "user": 7, "content_type": 11, "object_id": "154", "object_repr": "(2018-11-21 19:00:00+00:00, Scotty McCreedy, Fall 2018, Shawn Edwards)", "action_flag": 3, "change_message": ""}}, {"model": "admin.logentry", "pk": 239, "fields": {"action_time": "2018-11-20T13:20:06.795Z", "user": 7, "content_type": 11, "object_id": "153", "object_repr": "(2018-11-21 19:00:00+00:00, Scotty McCreedy, Fall 2018, Shawn Edwards)", "action_flag": 3, "change_message": ""}}, {"model": "admin.logentry", "pk": 240, "fields": {"action_time": "2018-11-20T13:29:48.159Z", "user": 7, "content_type": 11, "object_id": "161", "object_repr": "(", "action_flag": 3, "change_message": ""}}, {"model": "admin.logentry", "pk": 241, "fields": {"action_time": "2018-11-20T13:29:48.162Z", "user": 7, "content_type": 11, "object_id": "160", "object_repr": "(", "action_flag": 3, "change_message": ""}}, {"model": "admin.logentry", "pk": 242, "fields": {"action_time": "2018-11-20T13:29:48.163Z", "user": 7, "content_type": 11, "object_id": "159", "object_repr": "(", "action_flag": 3, "change_message": ""}}, {"model": "admin.logentry", "pk": 243, "fields": {"action_time": "2018-11-20T13:29:48.165Z", "user": 7, "content_type": 11, "object_id": "158", "object_repr": "(", "action_flag": 3, "change_message": ""}}, {"model": "admin.logentry", "pk": 244, "fields": {"action_time": "2018-11-20T14:14:14.665Z", "user": 7, "content_type": 11, "object_id": "173", "object_repr": "(2018-11-21 19:00:00+00:00, Scotty McCreedy, Fall 2018, Shawn Edwards)", "action_flag": 3, "change_message": ""}}, {"model": "admin.logentry", "pk": 245, "fields": {"action_time": "2018-11-20T14:14:14.677Z", "user": 7, "content_type": 11, "object_id": "172", "object_repr": "(2018-11-21 19:00:00+00:00, Scotty McCreedy, Fall 2018, Shawn Edwards)", "action_flag": 3, "change_message": ""}}, {"model": "admin.logentry", "pk": 246, "fields": {"action_time": "2018-11-20T14:16:03.077Z", "user": 7, "content_type": 11, "object_id": "175", "object_repr": "(2018-11-21 19:00:00+00:00, Scotty McCreedy, Fall 2018, Shawn Edwards)", "action_flag": 3, "change_message": ""}}, {"model": "admin.logentry", "pk": 247, "fields": {"action_time": "2018-11-20T14:16:03.092Z", "user": 7, "content_type": 11, "object_id": "174", "object_repr": "(2018-11-21 19:00:00+00:00, Scotty McCreedy, Fall 2018, Shawn Edwards)", "action_flag": 3, "change_message": ""}}, {"model": "admin.logentry", "pk": 248, "fields": {"action_time": "2018-11-20T14:16:59.673Z", "user": 7, "content_type": 11, "object_id": "171", "object_repr": "(2018-11-21 19:00:00+00:00, Scotty McCreedy, Fall 2018, Shawn Edwards)", "action_flag": 3, "change_message": ""}}, {"model": "admin.logentry", "pk": 249, "fields": {"action_time": "2018-11-20T14:16:59.681Z", "user": 7, "content_type": 11, "object_id": "170", "object_repr": "(2018-11-21 19:00:00+00:00, Scotty McCreedy, Fall 2018, Shawn Edwards)", "action_flag": 3, "change_message": ""}}, {"model": "admin.logentry", "pk": 250, "fields": {"action_time": "2018-11-20T14:18:39.437Z", "user": 7, "content_type": 11, "object_id": "179", "object_repr": "(2018-11-21 19:00:00+00:00, Scotty McCreedy, Fall 2018, Shawn Edwards)", "action_flag": 3, "change_message": ""}}, {"model": "admin.logentry", "pk": 251, "fields": {"action_time": "2018-11-20T14:18:39.456Z", "user": 7, "content_type": 11, "object_id": "178", "object_repr": "(2018-11-21 19:00:00+00:00, Scotty McCreedy, Fall 2018, Shawn Edwards)", "action_flag": 3, "change_message": ""}}, {"model": "admin.logentry", "pk": 252, "fields": {"action_time": "2018-11-20T14:18:39.472Z", "user": 7, "content_type": 11, "object_id": "177", "object_repr": "(2018-11-21 19:00:00+00:00, Scotty McCreedy, Fall 2018, Shawn Edwards)", "action_flag": 3, "change_message": ""}}, {"model": "admin.logentry", "pk": 253, "fields": {"action_time": "2018-11-20T14:18:39.488Z", "user": 7, "content_type": 11, "object_id": "176", "object_repr": "(2018-11-21 19:00:00+00:00, Scotty McCreedy, Fall 2018, Shawn Edwards)", "action_flag": 3, "change_message": ""}}, {"model": "admin.logentry", "pk": 254, "fields": {"action_time": "2018-11-20T14:41:04.696Z", "user": 7, "content_type": 11, "object_id": "188", "object_repr": "(2018-11-21 19:00:00+00:00, Scotty McCreedy, Fall 2018, Shawn Edwards)", "action_flag": 3, "change_message": ""}}, {"model": "admin.logentry", "pk": 255, "fields": {"action_time": "2018-11-20T14:41:04.704Z", "user": 7, "content_type": 11, "object_id": "187", "object_repr": "(2018-11-21 19:00:00+00:00, Scotty McCreedy, Fall 2018, Shawn Edwards)", "action_flag": 3, "change_message": ""}}, {"model": "admin.logentry", "pk": 256, "fields": {"action_time": "2018-11-20T15:58:28.156Z", "user": 1, "content_type": 3, "object_id": "5", "object_repr": "Front Military", "action_flag": 1, "change_message": "[{\"added\": {}}]"}}, {"model": "admin.logentry", "pk": 257, "fields": {"action_time": "2018-11-20T15:58:37.814Z", "user": 1, "content_type": 3, "object_id": "6", "object_repr": "Front Child", "action_flag": 1, "change_message": "[{\"added\": {}}]"}}, {"model": "admin.logentry", "pk": 258, "fields": {"action_time": "2018-11-20T15:58:46.339Z", "user": 1, "content_type": 3, "object_id": "7", "object_repr": "Front Senior", "action_flag": 1, "change_message": "[{\"added\": {}}]"}}, {"model": "admin.logentry", "pk": 259, "fields": {"action_time": "2018-11-20T15:59:08.752Z", "user": 1, "content_type": 3, "object_id": "8", "object_repr": "Back Military", "action_flag": 1, "change_message": "[{\"added\": {}}]"}}, {"model": "admin.logentry", "pk": 260, "fields": {"action_time": "2018-11-20T15:59:17.282Z", "user": 1, "content_type": 3, "object_id": "9", "object_repr": "Back Senior", "action_flag": 1, "change_message": "[{\"added\": {}}]"}}, {"model": "admin.logentry", "pk": 261, "fields": {"action_time": "2018-11-20T15:59:27.841Z", "user": 1, "content_type": 3, "object_id": "7", "object_repr": "Front Senior", "action_flag": 2, "change_message": "[{\"changed\": {\"fields\": [\"price\"]}}]"}}, {"model": "admin.logentry", "pk": 262, "fields": {"action_time": "2018-11-20T15:59:33.140Z", "user": 1, "content_type": 3, "object_id": "6", "object_repr": "Front Child", "action_flag": 2, "change_message": "[{\"changed\": {\"fields\": [\"price\"]}}]"}}, {"model": "admin.logentry", "pk": 263, "fields": {"action_time": "2018-11-20T15:59:50.038Z", "user": 1, "content_type": 3, "object_id": "10", "object_repr": "Back Child", "action_flag": 1, "change_message": "[{\"added\": {}}]"}}, {"model": "admin.logentry", "pk": 264, "fields": {"action_time": "2018-11-20T16:00:21.271Z", "user": 1, "content_type": 8, "object_id": "2", "object_repr": "Back", "action_flag": 2, "change_message": "[{\"changed\": {\"fields\": [\"pricegroups\"]}}]"}}, {"model": "admin.logentry", "pk": 265, "fields": {"action_time": "2018-11-20T16:00:31.658Z", "user": 1, "content_type": 8, "object_id": "1", "object_repr": "Front", "action_flag": 2, "change_message": "[{\"changed\": {\"fields\": [\"pricegroups\"]}}]"}}, {"model": "admin.logentry", "pk": 266, "fields": {"action_time": "2018-11-20T16:04:59.056Z", "user": 1, "content_type": 10, "object_id": "1", "object_repr": "Playhouse Theater", "action_flag": 2, "change_message": "[{\"changed\": {\"fields\": [\"sections\"]}}]"}}, {"model": "admin.logentry", "pk": 267, "fields": {"action_time": "2018-11-20T16:07:09.201Z", "user": 1, "content_type": 4, "object_id": "27", "object_repr": "R3A", "action_flag": 1, "change_message": "[{\"added\": {}}]"}}, {"model": "admin.logentry", "pk": 268, "fields": {"action_time": "2018-11-20T16:07:22.589Z", "user": 1, "content_type": 8, "object_id": "1", "object_repr": "Front", "action_flag": 2, "change_message": "[{\"changed\": {\"fields\": [\"rows\"]}}]"}}, {"model": "admin.logentry", "pk": 269, "fields": {"action_time": "2018-11-20T18:58:56.293Z", "user": 1, "content_type": 7, "object_id": "11", "object_repr": "11", "action_flag": 1, "change_message": "[{\"added\": {}}]"}}, {"model": "admin.logentry", "pk": 270, "fields": {"action_time": "2018-11-20T18:58:58.107Z", "user": 1, "content_type": 7, "object_id": "12", "object_repr": "12", "action_flag": 1, "change_message": "[{\"added\": {}}]"}}, {"model": "admin.logentry", "pk": 271, "fields": {"action_time": "2018-11-20T18:59:00.083Z", "user": 1, "content_type": 7, "object_id": "13", "object_repr": "13", "action_flag": 1, "change_message": "[{\"added\": {}}]"}}, {"model": "admin.logentry", "pk": 272, "fields": {"action_time": "2018-11-20T18:59:01.596Z", "user": 1, "content_type": 7, "object_id": "14", "object_repr": "14", "action_flag": 1, "change_message": "[{\"added\": {}}]"}}, {"model": "admin.logentry", "pk": 273, "fields": {"action_time": "2018-11-20T18:59:03.237Z", "user": 1, "content_type": 7, "object_id": "15", "object_repr": "15", "action_flag": 1, "change_message": "[{\"added\": {}}]"}}, {"model": "admin.logentry", "pk": 274, "fields": {"action_time": "2018-11-20T18:59:04.928Z", "user": 1, "content_type": 7, "object_id": "16", "object_repr": "16", "action_flag": 1, "change_message": "[{\"added\": {}}]"}}, {"model": "admin.logentry", "pk": 275, "fields": {"action_time": "2018-11-20T18:59:06.534Z", "user": 1, "content_type": 7, "object_id": "17", "object_repr": "17", "action_flag": 1, "change_message": "[{\"added\": {}}]"}}, {"model": "admin.logentry", "pk": 276, "fields": {"action_time": "2018-11-20T18:59:08.194Z", "user": 1, "content_type": 7, "object_id": "18", "object_repr": "18", "action_flag": 1, "change_message": "[{\"added\": {}}]"}}, {"model": "admin.logentry", "pk": 277, "fields": {"action_time": "2018-11-20T18:59:09.804Z", "user": 1, "content_type": 7, "object_id": "19", "object_repr": "19", "action_flag": 1, "change_message": "[{\"added\": {}}]"}}, {"model": "admin.logentry", "pk": 278, "fields": {"action_time": "2018-11-20T18:59:12.082Z", "user": 1, "content_type": 7, "object_id": "20", "object_repr": "20", "action_flag": 1, "change_message": "[{\"added\": {}}]"}}, {"model": "admin.logentry", "pk": 279, "fields": {"action_time": "2018-11-20T18:59:14.243Z", "user": 1, "content_type": 7, "object_id": "21", "object_repr": "21", "action_flag": 1, "change_message": "[{\"added\": {}}]"}}, {"model": "admin.logentry", "pk": 280, "fields": {"action_time": "2018-11-20T18:59:15.548Z", "user": 1, "content_type": 7, "object_id": "22", "object_repr": "22", "action_flag": 1, "change_message": "[{\"added\": {}}]"}}, {"model": "admin.logentry", "pk": 281, "fields": {"action_time": "2018-11-20T18:59:16.972Z", "user": 1, "content_type": 7, "object_id": "23", "object_repr": "23", "action_flag": 1, "change_message": "[{\"added\": {}}]"}}, {"model": "admin.logentry", "pk": 282, "fields": {"action_time": "2018-11-20T18:59:18.718Z", "user": 1, "content_type": 7, "object_id": "24", "object_repr": "24", "action_flag": 1, "change_message": "[{\"added\": {}}]"}}, {"model": "admin.logentry", "pk": 283, "fields": {"action_time": "2018-11-20T18:59:19.965Z", "user": 1, "content_type": 7, "object_id": "25", "object_repr": "25", "action_flag": 1, "change_message": "[{\"added\": {}}]"}}, {"model": "admin.logentry", "pk": 284, "fields": {"action_time": "2018-11-20T18:59:21.494Z", "user": 1, "content_type": 7, "object_id": "26", "object_repr": "26", "action_flag": 1, "change_message": "[{\"added\": {}}]"}}, {"model": "admin.logentry", "pk": 285, "fields": {"action_time": "2018-11-20T18:59:22.965Z", "user": 1, "content_type": 7, "object_id": "27", "object_repr": "27", "action_flag": 1, "change_message": "[{\"added\": {}}]"}}, {"model": "admin.logentry", "pk": 286, "fields": {"action_time": "2018-11-20T18:59:24.316Z", "user": 1, "content_type": 7, "object_id": "28", "object_repr": "28", "action_flag": 1, "change_message": "[{\"added\": {}}]"}}, {"model": "admin.logentry", "pk": 287, "fields": {"action_time": "2018-11-20T18:59:26.014Z", "user": 1, "content_type": 7, "object_id": "29", "object_repr": "29", "action_flag": 1, "change_message": "[{\"added\": {}}]"}}, {"model": "admin.logentry", "pk": 288, "fields": {"action_time": "2018-11-20T18:59:28.166Z", "user": 1, "content_type": 7, "object_id": "30", "object_repr": "30", "action_flag": 1, "change_message": "[{\"added\": {}}]"}}, {"model": "admin.logentry", "pk": 289, "fields": {"action_time": "2018-11-20T18:59:29.449Z", "user": 1, "content_type": 7, "object_id": "31", "object_repr": "31", "action_flag": 1, "change_message": "[{\"added\": {}}]"}}, {"model": "admin.logentry", "pk": 290, "fields": {"action_time": "2018-11-20T18:59:30.664Z", "user": 1, "content_type": 7, "object_id": "32", "object_repr": "32", "action_flag": 1, "change_message": "[{\"added\": {}}]"}}, {"model": "admin.logentry", "pk": 291, "fields": {"action_time": "2018-11-20T18:59:31.828Z", "user": 1, "content_type": 7, "object_id": "33", "object_repr": "33", "action_flag": 1, "change_message": "[{\"added\": {}}]"}}, {"model": "admin.logentry", "pk": 292, "fields": {"action_time": "2018-11-20T18:59:32.964Z", "user": 1, "content_type": 7, "object_id": "34", "object_repr": "34", "action_flag": 1, "change_message": "[{\"added\": {}}]"}}, {"model": "admin.logentry", "pk": 293, "fields": {"action_time": "2018-11-20T18:59:34.197Z", "user": 1, "content_type": 7, "object_id": "35", "object_repr": "35", "action_flag": 1, "change_message": "[{\"added\": {}}]"}}, {"model": "admin.logentry", "pk": 294, "fields": {"action_time": "2018-11-20T18:59:35.509Z", "user": 1, "content_type": 7, "object_id": "36", "object_repr": "36", "action_flag": 1, "change_message": "[{\"added\": {}}]"}}, {"model": "admin.logentry", "pk": 295, "fields": {"action_time": "2018-11-20T18:59:36.715Z", "user": 1, "content_type": 7, "object_id": "37", "object_repr": "37", "action_flag": 1, "change_message": "[{\"added\": {}}]"}}, {"model": "admin.logentry", "pk": 296, "fields": {"action_time": "2018-11-20T18:59:37.869Z", "user": 1, "content_type": 7, "object_id": "38", "object_repr": "38", "action_flag": 1, "change_message": "[{\"added\": {}}]"}}, {"model": "admin.logentry", "pk": 297, "fields": {"action_time": "2018-11-20T18:59:39.377Z", "user": 1, "content_type": 7, "object_id": "39", "object_repr": "39", "action_flag": 1, "change_message": "[{\"added\": {}}]"}}, {"model": "admin.logentry", "pk": 298, "fields": {"action_time": "2018-11-20T18:59:40.862Z", "user": 1, "content_type": 7, "object_id": "40", "object_repr": "40", "action_flag": 1, "change_message": "[{\"added\": {}}]"}}, {"model": "admin.logentry", "pk": 299, "fields": {"action_time": "2018-11-20T18:59:42.211Z", "user": 1, "content_type": 7, "object_id": "41", "object_repr": "41", "action_flag": 1, "change_message": "[{\"added\": {}}]"}}, {"model": "admin.logentry", "pk": 300, "fields": {"action_time": "2018-11-20T18:59:43.514Z", "user": 1, "content_type": 7, "object_id": "42", "object_repr": "42", "action_flag": 1, "change_message": "[{\"added\": {}}]"}}, {"model": "admin.logentry", "pk": 301, "fields": {"action_time": "2018-11-20T18:59:45.029Z", "user": 1, "content_type": 7, "object_id": "43", "object_repr": "43", "action_flag": 1, "change_message": "[{\"added\": {}}]"}}, {"model": "admin.logentry", "pk": 302, "fields": {"action_time": "2018-11-20T18:59:46.197Z", "user": 1, "content_type": 7, "object_id": "44", "object_repr": "44", "action_flag": 1, "change_message": "[{\"added\": {}}]"}}, {"model": "admin.logentry", "pk": 303, "fields": {"action_time": "2018-11-20T18:59:47.713Z", "user": 1, "content_type": 7, "object_id": "45", "object_repr": "45", "action_flag": 1, "change_message": "[{\"added\": {}}]"}}, {"model": "admin.logentry", "pk": 304, "fields": {"action_time": "2018-11-20T18:59:49.266Z", "user": 1, "content_type": 7, "object_id": "46", "object_repr": "46", "action_flag": 1, "change_message": "[{\"added\": {}}]"}}, {"model": "admin.logentry", "pk": 305, "fields": {"action_time": "2018-11-20T18:59:50.486Z", "user": 1, "content_type": 7, "object_id": "47", "object_repr": "47", "action_flag": 1, "change_message": "[{\"added\": {}}]"}}, {"model": "admin.logentry", "pk": 306, "fields": {"action_time": "2018-11-20T18:59:51.669Z", "user": 1, "content_type": 7, "object_id": "48", "object_repr": "48", "action_flag": 1, "change_message": "[{\"added\": {}}]"}}, {"model": "admin.logentry", "pk": 307, "fields": {"action_time": "2018-11-20T18:59:52.801Z", "user": 1, "content_type": 7, "object_id": "49", "object_repr": "49", "action_flag": 1, "change_message": "[{\"added\": {}}]"}}, {"model": "admin.logentry", "pk": 308, "fields": {"action_time": "2018-11-20T18:59:56.320Z", "user": 1, "content_type": 7, "object_id": "50", "object_repr": "50", "action_flag": 1, "change_message": "[{\"added\": {}}]"}}, {"model": "admin.logentry", "pk": 309, "fields": {"action_time": "2018-11-20T18:59:57.649Z", "user": 1, "content_type": 7, "object_id": "51", "object_repr": "51", "action_flag": 1, "change_message": "[{\"added\": {}}]"}}, {"model": "admin.logentry", "pk": 310, "fields": {"action_time": "2018-11-20T18:59:59.221Z", "user": 1, "content_type": 7, "object_id": "52", "object_repr": "52", "action_flag": 1, "change_message": "[{\"added\": {}}]"}}, {"model": "admin.logentry", "pk": 311, "fields": {"action_time": "2018-11-20T19:00:01.306Z", "user": 1, "content_type": 7, "object_id": "53", "object_repr": "53", "action_flag": 1, "change_message": "[{\"added\": {}}]"}}, {"model": "admin.logentry", "pk": 312, "fields": {"action_time": "2018-11-20T19:00:03.588Z", "user": 1, "content_type": 7, "object_id": "54", "object_repr": "54", "action_flag": 1, "change_message": "[{\"added\": {}}]"}}, {"model": "admin.logentry", "pk": 313, "fields": {"action_time": "2018-11-20T19:00:05.183Z", "user": 1, "content_type": 7, "object_id": "55", "object_repr": "55", "action_flag": 1, "change_message": "[{\"added\": {}}]"}}, {"model": "admin.logentry", "pk": 314, "fields": {"action_time": "2018-11-20T19:00:06.746Z", "user": 1, "content_type": 7, "object_id": "56", "object_repr": "56", "action_flag": 1, "change_message": "[{\"added\": {}}]"}}, {"model": "admin.logentry", "pk": 315, "fields": {"action_time": "2018-11-20T19:00:08.488Z", "user": 1, "content_type": 7, "object_id": "57", "object_repr": "57", "action_flag": 1, "change_message": "[{\"added\": {}}]"}}, {"model": "admin.logentry", "pk": 316, "fields": {"action_time": "2018-11-20T19:00:10.953Z", "user": 1, "content_type": 7, "object_id": "58", "object_repr": "58", "action_flag": 1, "change_message": "[{\"added\": {}}]"}}, {"model": "admin.logentry", "pk": 317, "fields": {"action_time": "2018-11-20T19:00:44.806Z", "user": 1, "content_type": 7, "object_id": "59", "object_repr": "59", "action_flag": 1, "change_message": "[{\"added\": {}}]"}}, {"model": "admin.logentry", "pk": 318, "fields": {"action_time": "2018-11-20T19:00:47.554Z", "user": 1, "content_type": 7, "object_id": "60", "object_repr": "60", "action_flag": 1, "change_message": "[{\"added\": {}}]"}}, {"model": "admin.logentry", "pk": 319, "fields": {"action_time": "2018-11-20T19:00:49.227Z", "user": 1, "content_type": 7, "object_id": "61", "object_repr": "61", "action_flag": 1, "change_message": "[{\"added\": {}}]"}}, {"model": "admin.logentry", "pk": 320, "fields": {"action_time": "2018-11-20T19:00:50.907Z", "user": 1, "content_type": 7, "object_id": "62", "object_repr": "62", "action_flag": 1, "change_message": "[{\"added\": {}}]"}}, {"model": "admin.logentry", "pk": 321, "fields": {"action_time": "2018-11-20T19:17:37.549Z", "user": 1, "content_type": 4, "object_id": "1", "object_repr": "A", "action_flag": 2, "change_message": "[{\"changed\": {\"fields\": [\"seats\"]}}]"}}, {"model": "admin.logentry", "pk": 322, "fields": {"action_time": "2018-11-20T19:54:07.502Z", "user": 1, "content_type": 4, "object_id": "28", "object_repr": "HC", "action_flag": 1, "change_message": "[{\"added\": {}}]"}}, {"model": "admin.logentry", "pk": 323, "fields": {"action_time": "2018-11-20T19:57:15.946Z", "user": 1, "content_type": 8, "object_id": "1", "object_repr": "Front", "action_flag": 2, "change_message": "[{\"changed\": {\"fields\": [\"rows\"]}}]"}}, {"model": "admin.logentry", "pk": 324, "fields": {"action_time": "2018-11-20T20:30:31.144Z", "user": 1, "content_type": 4, "object_id": "29", "object_repr": "R1A", "action_flag": 1, "change_message": "[{\"added\": {}}]"}}, {"model": "admin.logentry", "pk": 325, "fields": {"action_time": "2018-11-20T20:30:43.125Z", "user": 1, "content_type": 4, "object_id": "30", "object_repr": "R1B", "action_flag": 1, "change_message": "[{\"added\": {}}]"}}, {"model": "admin.logentry", "pk": 326, "fields": {"action_time": "2018-11-20T20:31:03.337Z", "user": 1, "content_type": 4, "object_id": "31", "object_repr": "R1C", "action_flag": 1, "change_message": "[{\"added\": {}}]"}}, {"model": "admin.logentry", "pk": 327, "fields": {"action_time": "2018-11-20T20:31:14.413Z", "user": 1, "content_type": 4, "object_id": "32", "object_repr": "R1D", "action_flag": 1, "change_message": "[{\"added\": {}}]"}}, {"model": "admin.logentry", "pk": 328, "fields": {"action_time": "2018-11-20T20:31:30.740Z", "user": 1, "content_type": 4, "object_id": "33", "object_repr": "R1E", "action_flag": 1, "change_message": "[{\"added\": {}}]"}}, {"model": "admin.logentry", "pk": 329, "fields": {"action_time": "2018-11-20T20:31:44.569Z", "user": 1, "content_type": 4, "object_id": "34", "object_repr": "R1F", "action_flag": 1, "change_message": "[{\"added\": {}}]"}}, {"model": "admin.logentry", "pk": 330, "fields": {"action_time": "2018-11-20T20:31:56.271Z", "user": 1, "content_type": 4, "object_id": "35", "object_repr": "R1G", "action_flag": 1, "change_message": "[{\"added\": {}}]"}}, {"model": "admin.logentry", "pk": 331, "fields": {"action_time": "2018-11-20T20:32:15.889Z", "user": 1, "content_type": 4, "object_id": "36", "object_repr": "R2A", "action_flag": 1, "change_message": "[{\"added\": {}}]"}}, {"model": "admin.logentry", "pk": 332, "fields": {"action_time": "2018-11-20T20:32:26.644Z", "user": 1, "content_type": 4, "object_id": "37", "object_repr": "R2B", "action_flag": 1, "change_message": "[{\"added\": {}}]"}}, {"model": "admin.logentry", "pk": 333, "fields": {"action_time": "2018-11-20T20:32:39.582Z", "user": 1, "content_type": 4, "object_id": "38", "object_repr": "R2C", "action_flag": 1, "change_message": "[{\"added\": {}}]"}}, {"model": "admin.logentry", "pk": 334, "fields": {"action_time": "2018-11-20T20:33:01.689Z", "user": 1, "content_type": 4, "object_id": "39", "object_repr": "R2D", "action_flag": 1, "change_message": "[{\"added\": {}}]"}}, {"model": "admin.logentry", "pk": 335, "fields": {"action_time": "2018-11-20T20:33:28.100Z", "user": 1, "content_type": 4, "object_id": "40", "object_repr": "R2E", "action_flag": 1, "change_message": "[{\"added\": {}}]"}}, {"model": "admin.logentry", "pk": 336, "fields": {"action_time": "2018-11-20T20:37:12.931Z", "user": 1, "content_type": 4, "object_id": "37", "object_repr": "R2B", "action_flag": 2, "change_message": "[{\"changed\": {\"fields\": [\"seats\"]}}]"}}, {"model": "admin.logentry", "pk": 337, "fields": {"action_time": "2018-11-20T20:37:49.741Z", "user": 1, "content_type": 4, "object_id": "41", "object_repr": "R2F", "action_flag": 1, "change_message": "[{\"added\": {}}]"}}, {"model": "admin.logentry", "pk": 338, "fields": {"action_time": "2018-11-20T20:38:03.416Z", "user": 1, "content_type": 4, "object_id": "38", "object_repr": "R2C", "action_flag": 2, "change_message": "[{\"changed\": {\"fields\": [\"seats\"]}}]"}}, {"model": "admin.logentry", "pk": 339, "fields": {"action_time": "2018-11-20T20:38:33.898Z", "user": 1, "content_type": 4, "object_id": "42", "object_repr": "R2G", "action_flag": 1, "change_message": "[{\"added\": {}}]"}}, {"model": "admin.logentry", "pk": 340, "fields": {"action_time": "2018-11-20T20:38:51.793Z", "user": 1, "content_type": 4, "object_id": "43", "object_repr": "R3A", "action_flag": 1, "change_message": "[{\"added\": {}}]"}}, {"model": "admin.logentry", "pk": 341, "fields": {"action_time": "2018-11-20T20:39:05.909Z", "user": 1, "content_type": 4, "object_id": "44", "object_repr": "R3B", "action_flag": 1, "change_message": "[{\"added\": {}}]"}}, {"model": "admin.logentry", "pk": 342, "fields": {"action_time": "2018-11-20T20:39:20.315Z", "user": 1, "content_type": 4, "object_id": "45", "object_repr": "R3C", "action_flag": 1, "change_message": "[{\"added\": {}}]"}}, {"model": "admin.logentry", "pk": 343, "fields": {"action_time": "2018-11-20T20:39:43.403Z", "user": 1, "content_type": 4, "object_id": "46", "object_repr": "R3D", "action_flag": 1, "change_message": "[{\"added\": {}}]"}}, {"model": "admin.logentry", "pk": 344, "fields": {"action_time": "2018-11-20T20:40:00.067Z", "user": 1, "content_type": 4, "object_id": "47", "object_repr": "R3E", "action_flag": 1, "change_message": "[{\"added\": {}}]"}}, {"model": "admin.logentry", "pk": 345, "fields": {"action_time": "2018-11-20T20:40:21.596Z", "user": 1, "content_type": 4, "object_id": "48", "object_repr": "R3F", "action_flag": 1, "change_message": "[{\"added\": {}}]"}}, {"model": "admin.logentry", "pk": 346, "fields": {"action_time": "2018-11-20T20:40:43.531Z", "user": 1, "content_type": 4, "object_id": "49", "object_repr": "R3G", "action_flag": 1, "change_message": "[{\"added\": {}}]"}}, {"model": "admin.logentry", "pk": 347, "fields": {"action_time": "2018-11-20T20:40:54.694Z", "user": 1, "content_type": 4, "object_id": "50", "object_repr": "R4A", "action_flag": 1, "change_message": "[{\"added\": {}}]"}}, {"model": "admin.logentry", "pk": 348, "fields": {"action_time": "2018-11-20T20:41:06.423Z", "user": 1, "content_type": 4, "object_id": "51", "object_repr": "R4B", "action_flag": 1, "change_message": "[{\"added\": {}}]"}}, {"model": "admin.logentry", "pk": 349, "fields": {"action_time": "2018-11-20T20:41:16.959Z", "user": 1, "content_type": 4, "object_id": "52", "object_repr": "R4C", "action_flag": 1, "change_message": "[{\"added\": {}}]"}}, {"model": "admin.logentry", "pk": 350, "fields": {"action_time": "2018-11-20T20:41:29.808Z", "user": 1, "content_type": 4, "object_id": "53", "object_repr": "R4D", "action_flag": 1, "change_message": "[{\"added\": {}}]"}}, {"model": "admin.logentry", "pk": 351, "fields": {"action_time": "2018-11-20T20:41:39.924Z", "user": 1, "content_type": 4, "object_id": "54", "object_repr": "R4E", "action_flag": 1, "change_message": "[{\"added\": {}}]"}}, {"model": "admin.logentry", "pk": 352, "fields": {"action_time": "2018-11-20T20:41:53.247Z", "user": 1, "content_type": 4, "object_id": "55", "object_repr": "R4F", "action_flag": 1, "change_message": "[{\"added\": {}}]"}}, {"model": "admin.logentry", "pk": 353, "fields": {"action_time": "2018-11-20T20:42:02.786Z", "user": 1, "content_type": 4, "object_id": "56", "object_repr": "R4G", "action_flag": 1, "change_message": "[{\"added\": {}}]"}}, {"model": "admin.logentry", "pk": 354, "fields": {"action_time": "2018-11-20T20:42:32.263Z", "user": 1, "content_type": 4, "object_id": "57", "object_repr": "L0A", "action_flag": 1, "change_message": "[{\"added\": {}}]"}}, {"model": "admin.logentry", "pk": 355, "fields": {"action_time": "2018-11-20T20:42:46.882Z", "user": 1, "content_type": 4, "object_id": "58", "object_repr": "L1A", "action_flag": 1, "change_message": "[{\"added\": {}}]"}}, {"model": "admin.logentry", "pk": 356, "fields": {"action_time": "2018-11-20T20:42:57.098Z", "user": 1, "content_type": 4, "object_id": "59", "object_repr": "L2A", "action_flag": 1, "change_message": "[{\"added\": {}}]"}}, {"model": "admin.logentry", "pk": 357, "fields": {"action_time": "2018-11-20T20:43:11.801Z", "user": 1, "content_type": 4, "object_id": "60", "object_repr": "L3A", "action_flag": 1, "change_message": "[{\"added\": {}}]"}}, {"model": "admin.logentry", "pk": 358, "fields": {"action_time": "2018-11-20T20:43:24.891Z", "user": 1, "content_type": 4, "object_id": "61", "object_repr": "L4A", "action_flag": 1, "change_message": "[{\"added\": {}}]"}}, {"model": "admin.logentry", "pk": 359, "fields": {"action_time": "2018-11-20T20:43:36.476Z", "user": 1, "content_type": 4, "object_id": "62", "object_repr": "L5A", "action_flag": 1, "change_message": "[{\"added\": {}}]"}}, {"model": "admin.logentry", "pk": 360, "fields": {"action_time": "2018-11-20T20:43:48.685Z", "user": 1, "content_type": 4, "object_id": "63", "object_repr": "L1B", "action_flag": 1, "change_message": "[{\"added\": {}}]"}}, {"model": "admin.logentry", "pk": 361, "fields": {"action_time": "2018-11-20T20:44:01.322Z", "user": 1, "content_type": 4, "object_id": "64", "object_repr": "L2B", "action_flag": 1, "change_message": "[{\"added\": {}}]"}}, {"model": "admin.logentry", "pk": 362, "fields": {"action_time": "2018-11-20T20:44:14.233Z", "user": 1, "content_type": 4, "object_id": "65", "object_repr": "L3B", "action_flag": 1, "change_message": "[{\"added\": {}}]"}}, {"model": "admin.logentry", "pk": 363, "fields": {"action_time": "2018-11-20T20:44:27.767Z", "user": 1, "content_type": 4, "object_id": "66", "object_repr": "L4B", "action_flag": 1, "change_message": "[{\"added\": {}}]"}}, {"model": "admin.logentry", "pk": 364, "fields": {"action_time": "2018-11-20T20:44:37.724Z", "user": 1, "content_type": 4, "object_id": "67", "object_repr": "L1C", "action_flag": 1, "change_message": "[{\"added\": {}}]"}}, {"model": "admin.logentry", "pk": 365, "fields": {"action_time": "2018-11-20T20:44:56.472Z", "user": 1, "content_type": 4, "object_id": "68", "object_repr": "L2C", "action_flag": 1, "change_message": "[{\"added\": {}}]"}}, {"model": "admin.logentry", "pk": 366, "fields": {"action_time": "2018-11-20T20:45:12.808Z", "user": 1, "content_type": 4, "object_id": "69", "object_repr": "L3C", "action_flag": 1, "change_message": "[{\"added\": {}}]"}}, {"model": "admin.logentry", "pk": 367, "fields": {"action_time": "2018-11-20T20:45:35.157Z", "user": 1, "content_type": 4, "object_id": "70", "object_repr": "L4C", "action_flag": 1, "change_message": "[{\"added\": {}}]"}}, {"model": "admin.logentry", "pk": 368, "fields": {"action_time": "2018-11-20T20:46:55.903Z", "user": 1, "content_type": 4, "object_id": "28", "object_repr": "HC", "action_flag": 2, "change_message": "[]"}}, {"model": "admin.logentry", "pk": 369, "fields": {"action_time": "2018-11-20T20:47:14.282Z", "user": 1, "content_type": 4, "object_id": "71", "object_repr": "S1A", "action_flag": 1, "change_message": "[{\"added\": {}}]"}}, {"model": "admin.logentry", "pk": 370, "fields": {"action_time": "2018-11-20T20:47:35.282Z", "user": 1, "content_type": 4, "object_id": "72", "object_repr": "S1B", "action_flag": 1, "change_message": "[{\"added\": {}}]"}}, {"model": "admin.logentry", "pk": 371, "fields": {"action_time": "2018-11-20T20:47:45.655Z", "user": 1, "content_type": 4, "object_id": "73", "object_repr": "S1C", "action_flag": 1, "change_message": "[{\"added\": {}}]"}}, {"model": "admin.logentry", "pk": 372, "fields": {"action_time": "2018-11-20T20:48:12.298Z", "user": 1, "content_type": 4, "object_id": "74", "object_repr": "S1D", "action_flag": 1, "change_message": "[{\"added\": {}}]"}}, {"model": "admin.logentry", "pk": 373, "fields": {"action_time": "2018-11-20T20:51:05.539Z", "user": 1, "content_type": 4, "object_id": "75", "object_repr": "S1E", "action_flag": 1, "change_message": "[{\"added\": {}}]"}}, {"model": "admin.logentry", "pk": 374, "fields": {"action_time": "2018-11-20T20:53:17.308Z", "user": 1, "content_type": 4, "object_id": "76", "object_repr": "S1G", "action_flag": 1, "change_message": "[{\"added\": {}}]"}}, {"model": "admin.logentry", "pk": 375, "fields": {"action_time": "2018-11-20T20:53:30.377Z", "user": 1, "content_type": 7, "object_id": "63", "object_repr": "2", "action_flag": 1, "change_message": "[{\"added\": {}}]"}}, {"model": "admin.logentry", "pk": 376, "fields": {"action_time": "2018-11-20T20:53:35.438Z", "user": 1, "content_type": 7, "object_id": "64", "object_repr": "4", "action_flag": 1, "change_message": "[{\"added\": {}}]"}}, {"model": "admin.logentry", "pk": 377, "fields": {"action_time": "2018-11-20T20:53:41.251Z", "user": 1, "content_type": 7, "object_id": "65", "object_repr": "6", "action_flag": 1, "change_message": "[{\"added\": {}}]"}}, {"model": "admin.logentry", "pk": 378, "fields": {"action_time": "2018-11-20T20:53:50.831Z", "user": 1, "content_type": 7, "object_id": "66", "object_repr": "8", "action_flag": 1, "change_message": "[{\"added\": {}}]"}}, {"model": "admin.logentry", "pk": 379, "fields": {"action_time": "2018-11-20T20:54:04.826Z", "user": 1, "content_type": 7, "object_id": "67", "object_repr": "1", "action_flag": 1, "change_message": "[{\"added\": {}}]"}}, {"model": "admin.logentry", "pk": 380, "fields": {"action_time": "2018-11-20T20:54:09.245Z", "user": 1, "content_type": 7, "object_id": "68", "object_repr": "5", "action_flag": 1, "change_message": "[{\"added\": {}}]"}}, {"model": "admin.logentry", "pk": 381, "fields": {"action_time": "2018-11-20T20:54:14.160Z", "user": 1, "content_type": 7, "object_id": "69", "object_repr": "3", "action_flag": 1, "change_message": "[{\"added\": {}}]"}}, {"model": "admin.logentry", "pk": 382, "fields": {"action_time": "2018-11-20T20:54:27.281Z", "user": 1, "content_type": 7, "object_id": "70", "object_repr": "34", "action_flag": 1, "change_message": "[{\"added\": {}}]"}}, {"model": "admin.logentry", "pk": 383, "fields": {"action_time": "2018-11-20T20:54:33.572Z", "user": 1, "content_type": 7, "object_id": "71", "object_repr": "36", "action_flag": 1, "change_message": "[{\"added\": {}}]"}}, {"model": "admin.logentry", "pk": 384, "fields": {"action_time": "2018-11-20T20:54:38.733Z", "user": 1, "content_type": 7, "object_id": "72", "object_repr": "38", "action_flag": 1, "change_message": "[{\"added\": {}}]"}}, {"model": "admin.logentry", "pk": 385, "fields": {"action_time": "2018-11-20T20:55:14.706Z", "user": 1, "content_type": 4, "object_id": "77", "object_repr": "S2A", "action_flag": 1, "change_message": "[{\"added\": {}}]"}}, {"model": "admin.logentry", "pk": 386, "fields": {"action_time": "2018-11-20T20:55:28.108Z", "user": 1, "content_type": 4, "object_id": "78", "object_repr": "S2B", "action_flag": 1, "change_message": "[{\"added\": {}}]"}}, {"model": "admin.logentry", "pk": 387, "fields": {"action_time": "2018-11-20T20:55:44.238Z", "user": 1, "content_type": 4, "object_id": "79", "object_repr": "S2C", "action_flag": 1, "change_message": "[{\"added\": {}}]"}}, {"model": "admin.logentry", "pk": 388, "fields": {"action_time": "2018-11-20T20:56:01.132Z", "user": 1, "content_type": 4, "object_id": "80", "object_repr": "S2D", "action_flag": 1, "change_message": "[{\"added\": {}}]"}}, {"model": "admin.logentry", "pk": 389, "fields": {"action_time": "2018-11-20T20:56:17.168Z", "user": 1, "content_type": 4, "object_id": "81", "object_repr": "S2E", "action_flag": 1, "change_message": "[{\"added\": {}}]"}}, {"model": "admin.logentry", "pk": 390, "fields": {"action_time": "2018-11-20T20:56:42.641Z", "user": 1, "content_type": 4, "object_id": "82", "object_repr": "S2F", "action_flag": 1, "change_message": "[{\"added\": {}}]"}}, {"model": "admin.logentry", "pk": 391, "fields": {"action_time": "2018-11-20T20:57:04.237Z", "user": 1, "content_type": 4, "object_id": "83", "object_repr": "S2G", "action_flag": 1, "change_message": "[{\"added\": {}}]"}}, {"model": "admin.logentry", "pk": 392, "fields": {"action_time": "2018-11-20T20:57:23.851Z", "user": 1, "content_type": 4, "object_id": "84", "object_repr": "S3A", "action_flag": 1, "change_message": "[{\"added\": {}}]"}}, {"model": "admin.logentry", "pk": 393, "fields": {"action_time": "2018-11-20T20:57:37.974Z", "user": 1, "content_type": 4, "object_id": "85", "object_repr": "S3B", "action_flag": 1, "change_message": "[{\"added\": {}}]"}}, {"model": "admin.logentry", "pk": 394, "fields": {"action_time": "2018-11-20T20:57:54.331Z", "user": 1, "content_type": 4, "object_id": "86", "object_repr": "S3C", "action_flag": 1, "change_message": "[{\"added\": {}}]"}}, {"model": "admin.logentry", "pk": 395, "fields": {"action_time": "2018-11-20T20:58:08.770Z", "user": 1, "content_type": 4, "object_id": "87", "object_repr": "S3D", "action_flag": 1, "change_message": "[{\"added\": {}}]"}}, {"model": "admin.logentry", "pk": 396, "fields": {"action_time": "2018-11-20T20:58:24.773Z", "user": 1, "content_type": 4, "object_id": "88", "object_repr": "S3E", "action_flag": 1, "change_message": "[{\"added\": {}}]"}}, {"model": "admin.logentry", "pk": 397, "fields": {"action_time": "2018-11-20T20:58:58.178Z", "user": 1, "content_type": 4, "object_id": "89", "object_repr": "S3G", "action_flag": 1, "change_message": "[{\"added\": {}}]"}}, {"model": "admin.logentry", "pk": 398, "fields": {"action_time": "2018-11-20T20:59:14.035Z", "user": 1, "content_type": 4, "object_id": "90", "object_repr": "S4A", "action_flag": 1, "change_message": "[{\"added\": {}}]"}}, {"model": "admin.logentry", "pk": 399, "fields": {"action_time": "2018-11-20T20:59:29.578Z", "user": 1, "content_type": 4, "object_id": "91", "object_repr": "S4B", "action_flag": 1, "change_message": "[{\"added\": {}}]"}}, {"model": "admin.logentry", "pk": 400, "fields": {"action_time": "2018-11-20T20:59:45.316Z", "user": 1, "content_type": 4, "object_id": "92", "object_repr": "S4C", "action_flag": 1, "change_message": "[{\"added\": {}}]"}}, {"model": "admin.logentry", "pk": 401, "fields": {"action_time": "2018-11-20T21:00:02.341Z", "user": 1, "content_type": 4, "object_id": "93", "object_repr": "S4D", "action_flag": 1, "change_message": "[{\"added\": {}}]"}}, {"model": "admin.logentry", "pk": 402, "fields": {"action_time": "2018-11-20T21:00:15.867Z", "user": 1, "content_type": 4, "object_id": "94", "object_repr": "S4E", "action_flag": 1, "change_message": "[{\"added\": {}}]"}}, {"model": "admin.logentry", "pk": 403, "fields": {"action_time": "2018-11-20T21:00:36.947Z", "user": 1, "content_type": 4, "object_id": "95", "object_repr": "S4F", "action_flag": 1, "change_message": "[{\"added\": {}}]"}}, {"model": "admin.logentry", "pk": 404, "fields": {"action_time": "2018-11-20T21:00:51.594Z", "user": 1, "content_type": 4, "object_id": "96", "object_repr": "S4G", "action_flag": 1, "change_message": "[{\"added\": {}}]"}}, {"model": "admin.logentry", "pk": 405, "fields": {"action_time": "2018-11-20T21:01:08.943Z", "user": 1, "content_type": 4, "object_id": "97", "object_repr": "S5A", "action_flag": 1, "change_message": "[{\"added\": {}}]"}}, {"model": "admin.logentry", "pk": 406, "fields": {"action_time": "2018-11-20T21:01:21.644Z", "user": 1, "content_type": 4, "object_id": "98", "object_repr": "S5B", "action_flag": 1, "change_message": "[{\"added\": {}}]"}}, {"model": "admin.logentry", "pk": 407, "fields": {"action_time": "2018-11-20T21:01:37.565Z", "user": 1, "content_type": 4, "object_id": "99", "object_repr": "S5C", "action_flag": 1, "change_message": "[{\"added\": {}}]"}}, {"model": "admin.logentry", "pk": 408, "fields": {"action_time": "2018-11-20T21:01:51.234Z", "user": 1, "content_type": 4, "object_id": "100", "object_repr": "S5D", "action_flag": 1, "change_message": "[{\"added\": {}}]"}}, {"model": "admin.logentry", "pk": 409, "fields": {"action_time": "2018-11-20T21:02:03.455Z", "user": 1, "content_type": 4, "object_id": "101", "object_repr": "S5E", "action_flag": 1, "change_message": "[{\"added\": {}}]"}}, {"model": "admin.logentry", "pk": 410, "fields": {"action_time": "2018-11-20T21:02:30.125Z", "user": 1, "content_type": 4, "object_id": "102", "object_repr": "S5G", "action_flag": 1, "change_message": "[{\"added\": {}}]"}}, {"model": "admin.logentry", "pk": 411, "fields": {"action_time": "2018-11-20T21:02:43.098Z", "user": 1, "content_type": 4, "object_id": "103", "object_repr": "S1H", "action_flag": 1, "change_message": "[{\"added\": {}}]"}}, {"model": "admin.logentry", "pk": 412, "fields": {"action_time": "2018-11-20T21:02:57.953Z", "user": 1, "content_type": 4, "object_id": "104", "object_repr": "S1I", "action_flag": 1, "change_message": "[{\"added\": {}}]"}}, {"model": "admin.logentry", "pk": 413, "fields": {"action_time": "2018-11-20T21:03:11.769Z", "user": 1, "content_type": 4, "object_id": "105", "object_repr": "S1J", "action_flag": 1, "change_message": "[{\"added\": {}}]"}}, {"model": "admin.logentry", "pk": 414, "fields": {"action_time": "2018-11-20T21:03:27.855Z", "user": 1, "content_type": 4, "object_id": "106", "object_repr": "S1K", "action_flag": 1, "change_message": "[{\"added\": {}}]"}}, {"model": "admin.logentry", "pk": 415, "fields": {"action_time": "2018-11-20T21:03:38.473Z", "user": 1, "content_type": 4, "object_id": "107", "object_repr": "S1L", "action_flag": 1, "change_message": "[{\"added\": {}}]"}}, {"model": "admin.logentry", "pk": 416, "fields": {"action_time": "2018-11-20T21:04:03.467Z", "user": 1, "content_type": 4, "object_id": "108", "object_repr": "S2H", "action_flag": 1, "change_message": "[{\"added\": {}}]"}}, {"model": "admin.logentry", "pk": 417, "fields": {"action_time": "2018-11-20T21:04:18.359Z", "user": 1, "content_type": 4, "object_id": "109", "object_repr": "S2I", "action_flag": 1, "change_message": "[{\"added\": {}}]"}}, {"model": "admin.logentry", "pk": 418, "fields": {"action_time": "2018-11-20T21:04:34.928Z", "user": 1, "content_type": 4, "object_id": "110", "object_repr": "S2J", "action_flag": 1, "change_message": "[{\"added\": {}}]"}}, {"model": "admin.logentry", "pk": 419, "fields": {"action_time": "2018-11-20T21:05:09.935Z", "user": 1, "content_type": 4, "object_id": "111", "object_repr": "S2K", "action_flag": 1, "change_message": "[{\"added\": {}}]"}}, {"model": "admin.logentry", "pk": 420, "fields": {"action_time": "2018-11-20T21:05:45.837Z", "user": 1, "content_type": 4, "object_id": "112", "object_repr": "S2L", "action_flag": 1, "change_message": "[{\"added\": {}}]"}}, {"model": "admin.logentry", "pk": 421, "fields": {"action_time": "2018-11-20T21:06:13.725Z", "user": 1, "content_type": 4, "object_id": "111", "object_repr": "S2K", "action_flag": 2, "change_message": "[]"}}, {"model": "admin.logentry", "pk": 422, "fields": {"action_time": "2018-11-20T21:06:33.691Z", "user": 1, "content_type": 4, "object_id": "112", "object_repr": "S2L", "action_flag": 2, "change_message": "[{\"changed\": {\"fields\": [\"seats\"]}}]"}}, {"model": "admin.logentry", "pk": 423, "fields": {"action_time": "2018-11-20T21:06:52.276Z", "user": 1, "content_type": 4, "object_id": "111", "object_repr": "S2K", "action_flag": 2, "change_message": "[{\"changed\": {\"fields\": [\"seats\"]}}]"}}, {"model": "admin.logentry", "pk": 424, "fields": {"action_time": "2018-11-20T21:07:13.010Z", "user": 1, "content_type": 4, "object_id": "113", "object_repr": "S3H", "action_flag": 1, "change_message": "[{\"added\": {}}]"}}, {"model": "admin.logentry", "pk": 425, "fields": {"action_time": "2018-11-20T21:07:27.109Z", "user": 1, "content_type": 4, "object_id": "114", "object_repr": "S3I", "action_flag": 1, "change_message": "[{\"added\": {}}]"}}, {"model": "admin.logentry", "pk": 426, "fields": {"action_time": "2018-11-20T21:07:42.702Z", "user": 1, "content_type": 4, "object_id": "115", "object_repr": "S3J", "action_flag": 1, "change_message": "[{\"added\": {}}]"}}, {"model": "admin.logentry", "pk": 427, "fields": {"action_time": "2018-11-20T21:07:56.324Z", "user": 1, "content_type": 4, "object_id": "116", "object_repr": "S3K", "action_flag": 1, "change_message": "[{\"added\": {}}]"}}, {"model": "admin.logentry", "pk": 428, "fields": {"action_time": "2018-11-20T21:08:23.580Z", "user": 1, "content_type": 4, "object_id": "117", "object_repr": "S3L", "action_flag": 1, "change_message": "[{\"added\": {}}]"}}, {"model": "admin.logentry", "pk": 429, "fields": {"action_time": "2018-11-20T21:08:35.768Z", "user": 1, "content_type": 4, "object_id": "118", "object_repr": "S4H", "action_flag": 1, "change_message": "[{\"added\": {}}]"}}, {"model": "admin.logentry", "pk": 430, "fields": {"action_time": "2018-11-20T21:08:48.153Z", "user": 1, "content_type": 4, "object_id": "119", "object_repr": "S4I", "action_flag": 1, "change_message": "[{\"added\": {}}]"}}, {"model": "admin.logentry", "pk": 431, "fields": {"action_time": "2018-11-20T21:08:56.591Z", "user": 1, "content_type": 4, "object_id": "120", "object_repr": "S4J", "action_flag": 1, "change_message": "[{\"added\": {}}]"}}, {"model": "admin.logentry", "pk": 432, "fields": {"action_time": "2018-11-20T21:09:05.050Z", "user": 1, "content_type": 4, "object_id": "121", "object_repr": "S4K", "action_flag": 1, "change_message": "[{\"added\": {}}]"}}, {"model": "admin.logentry", "pk": 433, "fields": {"action_time": "2018-11-20T21:09:12.820Z", "user": 1, "content_type": 4, "object_id": "122", "object_repr": "S4L", "action_flag": 1, "change_message": "[{\"added\": {}}]"}}, {"model": "admin.logentry", "pk": 434, "fields": {"action_time": "2018-11-20T21:09:26.195Z", "user": 1, "content_type": 4, "object_id": "123", "object_repr": "S5H", "action_flag": 1, "change_message": "[{\"added\": {}}]"}}, {"model": "admin.logentry", "pk": 435, "fields": {"action_time": "2018-11-20T21:09:33.640Z", "user": 1, "content_type": 4, "object_id": "124", "object_repr": "S5I", "action_flag": 1, "change_message": "[{\"added\": {}}]"}}, {"model": "admin.logentry", "pk": 436, "fields": {"action_time": "2018-11-20T21:09:44.238Z", "user": 1, "content_type": 4, "object_id": "125", "object_repr": "S5J", "action_flag": 1, "change_message": "[{\"added\": {}}]"}}, {"model": "admin.logentry", "pk": 437, "fields": {"action_time": "2018-11-20T21:09:54.674Z", "user": 1, "content_type": 4, "object_id": "126", "object_repr": "S5K", "action_flag": 1, "change_message": "[{\"added\": {}}]"}}, {"model": "admin.logentry", "pk": 438, "fields": {"action_time": "2018-11-20T21:10:06.149Z", "user": 1, "content_type": 4, "object_id": "127", "object_repr": "S5L", "action_flag": 1, "change_message": "[{\"added\": {}}]"}}, {"model": "admin.logentry", "pk": 439, "fields": {"action_time": "2018-11-20T21:11:23.368Z", "user": 1, "content_type": 4, "object_id": "6", "object_repr": "F", "action_flag": 2, "change_message": "[{\"changed\": {\"fields\": [\"seats\"]}}]"}}, {"model": "admin.logentry", "pk": 440, "fields": {"action_time": "2018-11-20T21:12:00.050Z", "user": 1, "content_type": 4, "object_id": "2", "object_repr": "B", "action_flag": 2, "change_message": "[{\"changed\": {\"fields\": [\"seats\"]}}]"}}, {"model": "admin.logentry", "pk": 441, "fields": {"action_time": "2018-11-20T21:12:29.218Z", "user": 1, "content_type": 4, "object_id": "3", "object_repr": "C", "action_flag": 2, "change_message": "[{\"changed\": {\"fields\": [\"seats\"]}}]"}}, {"model": "admin.logentry", "pk": 442, "fields": {"action_time": "2018-11-20T21:13:03.286Z", "user": 1, "content_type": 4, "object_id": "4", "object_repr": "D", "action_flag": 2, "change_message": "[{\"changed\": {\"fields\": [\"seats\"]}}]"}}, {"model": "admin.logentry", "pk": 443, "fields": {"action_time": "2018-11-20T21:13:31.990Z", "user": 1, "content_type": 4, "object_id": "5", "object_repr": "E", "action_flag": 2, "change_message": "[{\"changed\": {\"fields\": [\"seats\"]}}]"}}, {"model": "admin.logentry", "pk": 444, "fields": {"action_time": "2018-11-20T21:15:07.731Z", "user": 1, "content_type": 4, "object_id": "6", "object_repr": "F", "action_flag": 2, "change_message": "[{\"changed\": {\"fields\": [\"seats\"]}}]"}}, {"model": "admin.logentry", "pk": 445, "fields": {"action_time": "2018-11-20T21:15:33.918Z", "user": 1, "content_type": 4, "object_id": "7", "object_repr": "G", "action_flag": 2, "change_message": "[{\"changed\": {\"fields\": [\"seats\"]}}]"}}, {"model": "admin.logentry", "pk": 446, "fields": {"action_time": "2018-11-20T21:16:06.579Z", "user": 1, "content_type": 4, "object_id": "8", "object_repr": "H", "action_flag": 2, "change_message": "[{\"changed\": {\"fields\": [\"seats\"]}}]"}}, {"model": "admin.logentry", "pk": 447, "fields": {"action_time": "2018-11-20T21:16:32.859Z", "user": 1, "content_type": 4, "object_id": "9", "object_repr": "I", "action_flag": 2, "change_message": "[{\"changed\": {\"fields\": [\"seats\"]}}]"}}, {"model": "admin.logentry", "pk": 448, "fields": {"action_time": "2018-11-20T21:16:54.795Z", "user": 1, "content_type": 4, "object_id": "10", "object_repr": "J", "action_flag": 2, "change_message": "[{\"changed\": {\"fields\": [\"seats\"]}}]"}}, {"model": "admin.logentry", "pk": 449, "fields": {"action_time": "2018-11-20T21:17:23.302Z", "user": 1, "content_type": 4, "object_id": "11", "object_repr": "K", "action_flag": 2, "change_message": "[{\"changed\": {\"fields\": [\"seats\"]}}]"}}, {"model": "admin.logentry", "pk": 450, "fields": {"action_time": "2018-11-20T21:17:47.843Z", "user": 1, "content_type": 4, "object_id": "12", "object_repr": "L", "action_flag": 2, "change_message": "[{\"changed\": {\"fields\": [\"seats\"]}}]"}}, {"model": "admin.logentry", "pk": 451, "fields": {"action_time": "2018-11-20T21:18:14.917Z", "user": 1, "content_type": 4, "object_id": "13", "object_repr": "M", "action_flag": 2, "change_message": "[{\"changed\": {\"fields\": [\"seats\"]}}]"}}, {"model": "admin.logentry", "pk": 452, "fields": {"action_time": "2018-11-20T21:18:45.301Z", "user": 1, "content_type": 4, "object_id": "14", "object_repr": "N", "action_flag": 2, "change_message": "[{\"changed\": {\"fields\": [\"seats\"]}}]"}}, {"model": "admin.logentry", "pk": 453, "fields": {"action_time": "2018-11-20T21:19:08.276Z", "user": 1, "content_type": 4, "object_id": "15", "object_repr": "O", "action_flag": 2, "change_message": "[{\"changed\": {\"fields\": [\"seats\"]}}]"}}, {"model": "admin.logentry", "pk": 454, "fields": {"action_time": "2018-11-20T21:19:30.867Z", "user": 1, "content_type": 4, "object_id": "16", "object_repr": "P", "action_flag": 2, "change_message": "[{\"changed\": {\"fields\": [\"seats\"]}}]"}}, {"model": "admin.logentry", "pk": 455, "fields": {"action_time": "2018-11-20T21:19:53.557Z", "user": 1, "content_type": 4, "object_id": "17", "object_repr": "Q", "action_flag": 2, "change_message": "[{\"changed\": {\"fields\": [\"seats\"]}}]"}}, {"model": "admin.logentry", "pk": 456, "fields": {"action_time": "2018-11-20T21:20:15.434Z", "user": 1, "content_type": 4, "object_id": "18", "object_repr": "R", "action_flag": 2, "change_message": "[{\"changed\": {\"fields\": [\"seats\"]}}]"}}, {"model": "admin.logentry", "pk": 457, "fields": {"action_time": "2018-11-20T21:20:37.218Z", "user": 1, "content_type": 4, "object_id": "19", "object_repr": "S", "action_flag": 2, "change_message": "[{\"changed\": {\"fields\": [\"seats\"]}}]"}}, {"model": "admin.logentry", "pk": 458, "fields": {"action_time": "2018-11-20T21:21:09.352Z", "user": 1, "content_type": 4, "object_id": "20", "object_repr": "T", "action_flag": 2, "change_message": "[{\"changed\": {\"fields\": [\"seats\"]}}]"}}, {"model": "admin.logentry", "pk": 459, "fields": {"action_time": "2018-11-20T21:21:47.045Z", "user": 1, "content_type": 4, "object_id": "21", "object_repr": "U", "action_flag": 2, "change_message": "[{\"changed\": {\"fields\": [\"seats\"]}}]"}}, {"model": "admin.logentry", "pk": 460, "fields": {"action_time": "2018-11-20T21:22:14.671Z", "user": 1, "content_type": 4, "object_id": "22", "object_repr": "V", "action_flag": 2, "change_message": "[{\"changed\": {\"fields\": [\"seats\"]}}]"}}, {"model": "admin.logentry", "pk": 461, "fields": {"action_time": "2018-11-20T21:22:36.484Z", "user": 1, "content_type": 4, "object_id": "23", "object_repr": "W", "action_flag": 2, "change_message": "[{\"changed\": {\"fields\": [\"seats\"]}}]"}}, {"model": "admin.logentry", "pk": 462, "fields": {"action_time": "2018-11-20T21:22:57.273Z", "user": 1, "content_type": 4, "object_id": "24", "object_repr": "X", "action_flag": 2, "change_message": "[{\"changed\": {\"fields\": [\"seats\"]}}]"}}, {"model": "admin.logentry", "pk": 463, "fields": {"action_time": "2018-11-20T21:23:24.040Z", "user": 1, "content_type": 4, "object_id": "25", "object_repr": "Y", "action_flag": 2, "change_message": "[{\"changed\": {\"fields\": [\"seats\"]}}]"}}, {"model": "admin.logentry", "pk": 464, "fields": {"action_time": "2018-11-20T21:23:47.198Z", "user": 1, "content_type": 4, "object_id": "26", "object_repr": "Z", "action_flag": 2, "change_message": "[{\"changed\": {\"fields\": [\"seats\"]}}]"}}, {"model": "admin.logentry", "pk": 465, "fields": {"action_time": "2018-11-20T21:28:55.532Z", "user": 1, "content_type": 8, "object_id": "1", "object_repr": "Front", "action_flag": 2, "change_message": "[{\"changed\": {\"fields\": [\"rows\"]}}]"}}, {"model": "admin.logentry", "pk": 466, "fields": {"action_time": "2018-11-20T21:29:22.777Z", "user": 1, "content_type": 8, "object_id": "2", "object_repr": "Back", "action_flag": 2, "change_message": "[{\"changed\": {\"fields\": [\"rows\"]}}]"}}, {"model": "admin.logentry", "pk": 467, "fields": {"action_time": "2018-11-20T21:34:32.920Z", "user": 1, "content_type": 4, "object_id": "6", "object_repr": "F", "action_flag": 2, "change_message": "[{\"changed\": {\"fields\": [\"seats\"]}}]"}}, {"model": "admin.logentry", "pk": 468, "fields": {"action_time": "2018-11-20T21:36:02.398Z", "user": 1, "content_type": 4, "object_id": "102", "object_repr": "S5G", "action_flag": 2, "change_message": "[{\"changed\": {\"fields\": [\"seats\"]}}]"}}, {"model": "admin.logentry", "pk": 469, "fields": {"action_time": "2018-11-20T21:36:36.597Z", "user": 1, "content_type": 4, "object_id": "89", "object_repr": "S3G", "action_flag": 2, "change_message": "[{\"changed\": {\"fields\": [\"seats\"]}}]"}}, {"model": "admin.logentry", "pk": 470, "fields": {"action_time": "2018-11-20T21:36:52.154Z", "user": 1, "content_type": 7, "object_id": "69", "object_repr": "3", "action_flag": 3, "change_message": ""}}, {"model": "admin.logentry", "pk": 471, "fields": {"action_time": "2018-11-20T21:36:52.156Z", "user": 1, "content_type": 7, "object_id": "68", "object_repr": "5", "action_flag": 3, "change_message": ""}}, {"model": "admin.logentry", "pk": 472, "fields": {"action_time": "2018-11-20T21:36:52.159Z", "user": 1, "content_type": 7, "object_id": "67", "object_repr": "1", "action_flag": 3, "change_message": ""}}, {"model": "admin.logentry", "pk": 473, "fields": {"action_time": "2018-11-20T21:36:52.162Z", "user": 1, "content_type": 7, "object_id": "66", "object_repr": "8", "action_flag": 3, "change_message": ""}}, {"model": "admin.logentry", "pk": 474, "fields": {"action_time": "2018-11-20T21:36:52.164Z", "user": 1, "content_type": 7, "object_id": "65", "object_repr": "6", "action_flag": 3, "change_message": ""}}, {"model": "admin.logentry", "pk": 475, "fields": {"action_time": "2018-11-20T21:36:52.167Z", "user": 1, "content_type": 7, "object_id": "64", "object_repr": "4", "action_flag": 3, "change_message": ""}}, {"model": "admin.logentry", "pk": 476, "fields": {"action_time": "2018-11-20T21:36:52.168Z", "user": 1, "content_type": 7, "object_id": "63", "object_repr": "2", "action_flag": 3, "change_message": ""}}, {"model": "webapp.show", "pk": 1, "fields": {"name": "MacBeth", "img": "test.png", "runtime": "4 hrs.", "genre": "Fiction", "summary": "A Show about something.", "group": [1, 5], "performances": [1]}}, {"model": "webapp.show", "pk": 2, "fields": {"name": "Hamlet", "img": "hamlet.png", "runtime": "3hrs, 22 min.", "genre": "Shakespeare", "summary": "Lots of people get upset and die", "group": [5, 6], "performances": [6]}}, {"model": "webapp.show", "pk": 3, "fields": {"name": "John Prine", "img": "img/johnPrine.png", "runtime": "4hrs. 1 min.", "genre": "Tragedy", "summary": "Please waste your time with this one!", "group": [5, 6], "performances": [1, 2, 6, 7]}}, {"model": "webapp.show", "pk": 4, "fields": {"name": "Scotty McCreedy", "img": "img/scottyMcCreedy.png", "runtime": "3hrs. 1 min.", "genre": "Drama", "summary": "Do you want to waste your time with this one?", "group": [1, 5], "performances": [3, 4, 5, 7, 9]}}]