[{"model": "webapp.seat", "pk": 1, "fields": {"number": 1, "handicapped": false}}, {"model": "webapp.seat", "pk": 2, "fields": {"number": 2, "handicapped": false}}, {"model": "webapp.seat", "pk": 3, "fields": {"number": 3, "handicapped": false}}, {"model": "webapp.seat", "pk": 4, "fields": {"number": 4, "handicapped": false}}, {"model": "webapp.seat", "pk": 5, "fields": {"number": 5, "handicapped": false}}, {"model": "webapp.seat", "pk": 6, "fields": {"number": 6, "handicapped": false}}, {"model": "webapp.seat", "pk": 7, "fields": {"number": 7, "handicapped": false}}, {"model": "webapp.seat", "pk": 8, "fields": {"number": 8, "handicapped": false}}, {"model": "webapp.seat", "pk": 9, "fields": {"number": 9, "handicapped": false}}, {"model": "webapp.seat", "pk": 10, "fields": {"number": 10, "handicapped": false}}, {"model": "webapp.row", "pk": 1, "fields": {"name": "A", "seats": [1]}}, {"model": "webapp.row", "pk": 2, "fields": {"name": "B", "seats": [1, 2, 3, 4, 5, 6, 7, 8, 9, 10]}}, {"model": "webapp.row", "pk": 3, "fields": {"name": "C", "seats": [1, 2, 3, 4, 5, 6, 7, 8, 9, 10]}}, {"model": "webapp.row", "pk": 4, "fields": {"name": "D", "seats": [1, 2, 3, 4, 5, 6, 7, 8, 9, 10]}}, {"model": "webapp.row", "pk": 5, "fields": {"name": "E", "seats": [1, 2, 3, 4, 5, 6, 7, 8, 9, 10]}}, {"model": "webapp.row", "pk": 6, "fields": {"name": "F", "seats": [1, 2, 3, 4, 5, 6, 7, 8, 9, 10]}}, {"model": "webapp.row", "pk": 7, "fields": {"name": "G", "seats": [1, 2, 3, 4, 5, 6, 7, 8, 9, 10]}}, {"model": "webapp.row", "pk": 8, "fields": {"name": "H", "seats": [1, 2, 3, 4, 5, 6, 7, 8, 9, 10]}}, {"model": "webapp.row", "pk": 9, "fields": {"name": "I", "seats": [1, 2, 3, 4, 5, 6, 7, 8, 9, 10]}}, {"model": "webapp.row", "pk": 10, "fields": {"name": "J", "seats": [1, 2, 3, 4, 5, 6, 7, 8, 9, 10]}}, {"model": "webapp.row", "pk": 11, "fields": {"name": "K", "seats": [1, 2, 3, 4, 5, 6, 7, 8, 9, 10]}}, {"model": "webapp.row", "pk": 12, "fields": {"name": "L", "seats": [1, 2, 3, 4, 5, 6, 7, 8, 9, 10]}}, {"model": "webapp.row", "pk": 13, "fields": {"name": "M", "seats": [1, 2, 3, 4, 5, 6, 7, 8, 9, 10]}}, {"model": "webapp.row", "pk": 14, "fields": {"name": "N", "seats": [1, 2, 3, 4, 5, 6, 7, 8, 9, 10]}}, {"model": "webapp.row", "pk": 15, "fields": {"name": "O", "seats": [1, 2, 3, 4, 5, 6, 7, 8, 9, 10]}}, {"model": "webapp.row", "pk": 16, "fields": {"name": "P", "seats": [1, 2, 3, 4, 5, 6, 7, 8, 9, 10]}}, {"model": "webapp.row", "pk": 17, "fields": {"name": "Q", "seats": [1, 2, 3, 4, 5, 6, 7, 8, 9, 10]}}, {"model": "webapp.row", "pk": 18, "fields": {"name": "R", "seats": [1, 2, 3, 4, 5, 6, 7, 8, 9, 10]}}, {"model": "webapp.row", "pk": 19, "fields": {"name": "S", "seats": [1, 2, 3, 4, 5, 6, 7, 8, 9, 10]}}, {"model": "webapp.row", "pk": 20, "fields": {"name": "T", "seats": [1, 2, 3, 4, 5, 6, 7, 8, 9, 10]}}, {"model": "webapp.row", "pk": 21, "fields": {"name": "U", "seats": [1, 2, 3, 4, 5, 6, 7, 8, 9, 10]}}, {"model": "webapp.row", "pk": 22, "fields": {"name": "V", "seats": [1, 2, 3, 4, 5, 6, 7, 8, 9, 10]}}, {"model": "webapp.row", "pk": 23, "fields": {"name": "W", "seats": [1, 2, 3, 4, 5, 6, 7, 8, 9, 10]}}, {"model": "webapp.row", "pk": 24, "fields": {"name": "X", "seats": [1, 2, 3, 4, 5, 6, 7, 8, 9, 10]}}, {"model": "webapp.row", "pk": 25, "fields": {"name": "Y", "seats": [1, 2, 3, 4, 5, 6, 7, 8, 9, 10]}}, {"model": "webapp.row", "pk": 26, "fields": {"name": "Z", "seats": [1, 2, 3, 4, 5, 6, 7, 8, 9, 10]}}, {"model": "webapp.pricegroup", "pk": 1, "fields": {"name": "Normal", "price": "10.00"}}, {"model": "webapp.pricegroup", "pk": 2, "fields": {"name": "Premium", "price": "20.00"}}, {"model": "webapp.pricegroup", "pk": 4, "fields": {"name": "LockHeed Martin Company Pricing", "price": "5.00"}}, {"model": "webapp.section", "pk": 1, "fields": {"name": "Front", "rows": [1, 2, 3, 4, 5, 6, 7, 8, 9, 10, 11, 12, 13, 14, 15], "pricegroups": [1]}}, {"model": "webapp.section", "pk": 2, "fields": {"name": "Back", "rows": [16, 17, 18, 19, 20, 21, 22, 23, 24, 25, 26], "pricegroups": [2]}}, {"model": "webapp.theater", "pk": 1, "fields": {"name": "Playhouse Theater", "location": "Von Braun Center", "sections": [1]}}, {"model": "webapp.theater", "pk": 2, "fields": {"name": "Concert Hall", "location": "Von Braun Center", "sections": [1, 2]}}, {"model": "webapp.theater", "pk": 3, "fields": {"name": "Test", "location": "Von Braun Center", "sections": [1, 2]}}, {"model": "webapp.performance", "pk": 1, "fields": {"time": "2018-11-15T02:22:22Z", "theater": [1]}}, {"model": "webapp.performance", "pk": 2, "fields": {"time": "2018-11-17T23:51:06Z", "theater": [2]}}, {"model": "webapp.performance", "pk": 3, "fields": {"time": "2018-11-18T18:00:00Z", "theater": [2]}}, {"model": "webapp.performance", "pk": 4, "fields": {"time": "2018-11-20T12:00:00Z", "theater": [1]}}, {"model": "webapp.performance", "pk": 5, "fields": {"time": "2018-11-18T03:39:19Z", "theater": [2]}}, {"model": "webapp.performance", "pk": 6, "fields": {"time": "2018-11-21T19:00:00Z", "theater": [2]}}, {"model": "webapp.performance", "pk": 7, "fields": {"time": "2018-11-28T19:00:00Z", "theater": [2]}}, {"model": "webapp.season", "pk": 1, "fields": {"name": "Fall 2018", "shows": [1, 2, 3, 4]}}, {"model": "webapp.customer", "pk": 1, "fields": {"firstName": "Shawn", "middleName": "Matthias", "lastName": "Edwards", "address": "A house, Huntsville, AL, 35806", "email": "shawn@shawn.com", "phone": "+112345678"}}, {"model": "webapp.customer", "pk": 4, "fields": {"firstName": "Matthew", "middleName": "", "lastName": "Annerton", "address": "", "email": "", "phone": ""}}, {"model": "webapp.customer", "pk": 5, "fields": {"firstName": "Andy", "middleName": "", "lastName": "Towers", "address": "123 Place Rd, Huntsville AL 35806", "email": "andy@company.com", "phone": "2561234567"}}, {"model": "webapp.seasonticketholder", "pk": 1, "fields": {"valid": true, "customer": [1], "seasons": [1]}}, {"model": "webapp.seasonticketholder", "pk": 4, "fields": {"valid": true, "customer": [5], "seasons": [1]}}, {"model": "webapp.ticket", "pk": 1, "fields": {"paid": false, "datePurchased": "2018-11-15T02:45:45Z", "door": false, "printed": false, "cash": false, "customer": [1], "seat": [1], "row": [1], "section": [1], "season": [1], "show": [1], "performance": [1]}}, {"model": "webapp.ticket", "pk": 2, "fields": {"paid": false, "datePurchased": "2018-11-17T13:25:32Z", "door": false, "printed": false, "cash": false, "customer": [1], "seat": [2], "row": [1], "section": [1], "season": [1], "show": [1], "performance": [1]}}, {"model": "webapp.ticket", "pk": 3, "fields": {"paid": false, "datePurchased": "2018-11-17T14:05:19Z", "door": false, "printed": false, "cash": false, "customer": [1], "seat": [1], "row": [1], "section": [1], "season": [1], "show": [4], "performance": [3]}}, {"model": "webapp.ticket", "pk": 4, "fields": {"paid": false, "datePurchased": "2018-11-17T17:01:42Z", "door": false, "printed": false, "cash": false, "customer": [1], "seat": [1], "row": [1], "section": [1], "season": [1], "show": [3], "performance": [2]}}, {"model": "webapp.ticket", "pk": 19, "fields": {"paid": false, "datePurchased": "2018-11-18T02:55:00Z", "door": false, "printed": false, "cash": false, "customer": [1], "seat": [2], "row": [2], "section": [1], "season": [1], "show": [4], "performance": [4]}}, {"model": "webapp.ticket", "pk": 20, "fields": {"paid": false, "datePurchased": "2018-11-18T02:55:51Z", "door": false, "printed": false, "cash": false, "customer": [1], "seat": [1], "row": [2], "section": [1], "season": [1], "show": [4], "performance": [3]}}, {"model": "webapp.ticket", "pk": 25, "fields": {"paid": false, "datePurchased": "2018-11-18T04:50:35.325Z", "door": true, "printed": true, "cash": true, "customer": [4], "seat": [4], "row": [3], "section": [1], "season": [1], "show": [4], "performance": [3]}}, {"model": "webapp.ticket", "pk": 26, "fields": {"paid": true, "datePurchased": "2018-11-18T20:50:52.203Z", "door": true, "printed": true, "cash": true, "customer": [1], "seat": [1], "row": [1], "section": [1], "season": [1], "show": [4], "performance": [5]}}, {"model": "webapp.ticket", "pk": 27, "fields": {"paid": true, "datePurchased": "2018-11-18T20:50:52.265Z", "door": true, "printed": true, "cash": true, "customer": [1], "seat": [2], "row": [1], "section": [1], "season": [1], "show": [4], "performance": [5]}}, {"model": "webapp.ticket", "pk": 28, "fields": {"paid": true, "datePurchased": "2018-11-18T20:50:52.296Z", "door": true, "printed": true, "cash": true, "customer": [1], "seat": [3], "row": [1], "section": [1], "season": [1], "show": [4], "performance": [5]}}, {"model": "webapp.ticket", "pk": 29, "fields": {"paid": true, "datePurchased": "2018-11-18T20:50:52.351Z", "door": true, "printed": true, "cash": true, "customer": [1], "seat": [4], "row": [2], "section": [1], "season": [1], "show": [4], "performance": [5]}}, {"model": "webapp.ticket", "pk": 30, "fields": {"paid": true, "datePurchased": "2018-11-18T20:50:52.384Z", "door": true, "printed": true, "cash": true, "customer": [1], "seat": [5], "row": [3], "section": [1], "season": [1], "show": [4], "performance": [5]}}, {"model": "webapp.ticket", "pk": 31, "fields": {"paid": false, "datePurchased": "2018-11-18T21:18:02.588Z", "door": true, "printed": true, "cash": true, "customer": [4], "seat": [2], "row": [1], "section": [1], "season": [1], "show": [4], "performance": [3]}}, {"model": "webapp.ticket", "pk": 32, "fields": {"paid": false, "datePurchased": "2018-11-18T21:18:02.661Z", "door": true, "printed": true, "cash": true, "customer": [4], "seat": [3], "row": [1], "section": [1], "season": [1], "show": [4], "performance": [3]}}, {"model": "webapp.ticket", "pk": 33, "fields": {"paid": false, "datePurchased": "2018-11-18T21:18:02.686Z", "door": true, "printed": true, "cash": true, "customer": [4], "seat": [4], "row": [2], "section": [1], "season": [1], "show": [4], "performance": [3]}}, {"model": "webapp.ticket", "pk": 34, "fields": {"paid": false, "datePurchased": "2018-11-18T21:18:02.719Z", "door": true, "printed": true, "cash": true, "customer": [4], "seat": [6], "row": [3], "section": [1], "season": [1], "show": [4], "performance": [3]}}, {"model": "webapp.ticket", "pk": 35, "fields": {"paid": false, "datePurchased": "2018-11-18T21:18:02.744Z", "door": true, "printed": true, "cash": true, "customer": [4], "seat": [7], "row": [3], "section": [1], "season": [1], "show": [4], "performance": [3]}}, {"model": "webapp.ticket", "pk": 139, "fields": {"paid": true, "datePurchased": "2018-11-19T00:35:15.117Z", "door": true, "printed": true, "cash": true, "customer": [5], "seat": [1], "row": [1], "section": [1], "season": [1], "show": [4], "performance": [6]}}, {"model": "webapp.ticket", "pk": 140, "fields": {"paid": true, "datePurchased": "2018-11-19T00:35:15.185Z", "door": true, "printed": true, "cash": true, "customer": [5], "seat": [2], "row": [1], "section": [1], "season": [1], "show": [4], "performance": [6]}}, {"model": "webapp.ticket", "pk": 141, "fields": {"paid": true, "datePurchased": "2018-11-19T00:35:15.257Z", "door": true, "printed": true, "cash": true, "customer": [5], "seat": [3], "row": [1], "section": [1], "season": [1], "show": [4], "performance": [6]}}, {"model": "webapp.ticket", "pk": 142, "fields": {"paid": true, "datePurchased": "2018-11-19T00:35:15.317Z", "door": true, "printed": true, "cash": true, "customer": [5], "seat": [4], "row": [1], "section": [1], "season": [1], "show": [4], "performance": [6]}}, {"model": "webapp.ticket", "pk": 143, "fields": {"paid": true, "datePurchased": "2018-11-19T00:35:15.372Z", "door": true, "printed": true, "cash": true, "customer": [5], "seat": [1], "row": [1], "section": [1], "season": [1], "show": [4], "performance": [7]}}, {"model": "webapp.ticket", "pk": 144, "fields": {"paid": true, "datePurchased": "2018-11-19T00:35:15.426Z", "door": true, "printed": true, "cash": true, "customer": [5], "seat": [2], "row": [1], "section": [1], "season": [1], "show": [4], "performance": [7]}}, {"model": "webapp.ticket", "pk": 145, "fields": {"paid": true, "datePurchased": "2018-11-19T00:35:15.482Z", "door": true, "printed": true, "cash": true, "customer": [5], "seat": [3], "row": [1], "section": [1], "season": [1], "show": [4], "performance": [7]}}, {"model": "webapp.ticket", "pk": 146, "fields": {"paid": true, "datePurchased": "2018-11-19T00:35:15.522Z", "door": true, "printed": true, "cash": true, "customer": [5], "seat": [4], "row": [1], "section": [1], "season": [1], "show": [4], "performance": [7]}}, {"model": "auth.group", "pk": 1, "fields": {"name": "HVTG Volunteers", "permissions": [1, 2, 3, 4, 8, 12, 16, 20, 21, 22, 23, 24, 28, 32, 36, 40, 41, 42, 43, 44]}}, {"model": "auth.group", "pk": 2, "fields": {"name": "Site Admin", "permissions": [45, 46, 47, 48, 53, 54, 55, 56, 49, 50, 51, 52, 57, 58, 59, 60, 61, 62, 63, 64, 65, 66, 67, 68]}}, {"model": "auth.group", "pk": 3, "fields": {"name": "Theater Admin", "permissions": [13, 14, 15, 16, 17, 18, 19, 20, 21, 22, 23, 24, 25, 26, 27, 28, 29, 30, 31, 32, 37, 38, 39, 40]}}, {"model": "auth.group", "pk": 4, "fields": {"name": "HVTG Admin", "permissions": [5, 6, 7, 8, 9, 10, 11, 12, 33, 34, 35, 36, 44]}}, {"model": "auth.group", "pk": 5, "fields": {"name": "VBC Volunteers", "permissions": [1, 2, 3, 4, 8, 12, 16, 20, 21, 22, 23, 24, 28, 32, 36, 40, 41, 42, 43, 44]}}, {"model": "auth.group", "pk": 6, "fields": {"name": "Fantasy Playhouse Volunteers", "permissions": [1, 2, 3, 4, 8, 12, 16, 20, 21, 22, 23, 24, 28, 32, 36, 40, 41, 42, 43, 44]}}, {"model": "auth.group", "pk": 7, "fields": {"name": "Fantasy Playhouse Admin", "permissions": [5, 6, 7, 8, 9, 10, 11, 12, 13, 14, 15, 16, 20, 24, 25, 26, 27, 28, 29, 30, 31, 32, 33, 34, 36, 40, 44]}}, {"model": "auth.user", "pk": 1, "fields": {"password": "pbkdf2_sha256$120000$qdjDMPXqYImA$qxPC51xIwETTGfJeIqdPnX6VJdhqiBRfZefAZdRy8BI=", "last_login": "2018-11-19T23:32:30.810Z", "is_superuser": true, "username": "admin", "first_name": "", "last_name": "", "email": "", "is_staff": true, "is_active": true, "date_joined": "2018-11-15T02:19:34.267Z", "groups": [], "user_permissions": []}}, {"model": "auth.user", "pk": 2, "fields": {"password": "pbkdf2_sha256$120000$vb77v2n2jCGn$B9R2DcAn4HPGC9b7yIfsxmUqL8GAU4LRehE+AbslKbY=", "last_login": null, "is_superuser": false, "username": "AndyTowers", "first_name": "Andy", "last_name": "Towers", "email": "andy@company.com", "is_staff": true, "is_active": true, "date_joined": "2018-11-16T19:52:07Z", "groups": [1], "user_permissions": []}}, {"model": "auth.user", "pk": 3, "fields": {"password": "pbkdf2_sha256$120000$25PwaCGZD33e$Gq0vxWdKl6v4P6zqgp6bgr+FX/zXhjVyqraF/zix4iY=", "last_login": null, "is_superuser": false, "username": "HVTGAdmin", "first_name": "Hunts. Volunteer Theater Group", "last_name": "Show Admin", "email": "admin@hvtg.org", "is_staff": true, "is_active": true, "date_joined": "2018-11-16T23:20:55Z", "groups": [4], "user_permissions": []}}, {"model": "auth.user", "pk": 4, "fields": {"password": "pbkdf2_sha256$120000$owevU6mj1YXj$OFuRMZCZxAOj31no/5oMsDpnp6HwGLFHA0s6lPybD6o=", "last_login": "2018-11-19T19:24:51.484Z", "is_superuser": false, "username": "NotVolunteer", "first_name": "Not", "last_name": "Volunteer", "email": "", "is_staff": true, "is_active": true, "date_joined": "2018-11-19T18:33:17Z", "groups": [], "user_permissions": []}}, {"model": "auth.user", "pk": 5, "fields": {"password": "pbkdf2_sha256$120000$NyXmBkuzGURo$QA+4h5TArEAHz5aGXxJyiKeX4lcSKYzb5EywkpcjU4o=", "last_login": "2018-11-19T23:37:03.532Z", "is_superuser": false, "username": "FPVUser", "first_name": "FPV", "last_name": "Volunteer", "email": "", "is_staff": true, "is_active": true, "date_joined": "2018-11-19T20:18:17Z", "groups": [6], "user_permissions": []}}, {"model": "auth.user", "pk": 6, "fields": {"password": "pbkdf2_sha256$120000$MkvCOXz1PeYY$12LYKLM4yt1vbbA7nlxjNcqfuyCuIqM6t632xYyX31U=", "last_login": "2018-11-19T23:33:28.916Z", "is_superuser": false, "username": "FPVAdmin", "first_name": "FPV", "last_name": "Admin", "email": "", "is_staff": true, "is_active": true, "date_joined": "2018-11-19T23:32:54Z", "groups": [], "user_permissions": []}}, {"model": "sessions.session", "pk": "9klrnxoqijoo5xw17aky6yo1cdmb8cbz", "fields": {"session_data": "NzNiMGFlNTQyMWY3MjQxNmZjOWYyZGM2YThhNTI0MzZlZDRiMTg1ODp7Il9hdXRoX3VzZXJfaWQiOiIxIiwiX2F1dGhfdXNlcl9iYWNrZW5kIjoiZGphbmdvLmNvbnRyaWIuYXV0aC5iYWNrZW5kcy5Nb2RlbEJhY2tlbmQiLCJfYXV0aF91c2VyX2hhc2giOiIzZGRhZmUwMTA3MDRkYTk2NTgwNjhjM2YxZTBiZWUwZDVjYjNlMzA0In0=", "expire_date": "2018-11-29T16:16:23.232Z"}}, {"model": "sessions.session", "pk": "nwtvsgj7p5cl94q8v0hv3argdiuez872", "fields": {"session_data": "ZTEyMWIxODM3Mzc1NTQzN2VhNTZiYWJlYmI2M2NjMTRjNDFmYjhiNDp7Il9hdXRoX3VzZXJfaWQiOiI1IiwiX2F1dGhfdXNlcl9iYWNrZW5kIjoiZGphbmdvLmNvbnRyaWIuYXV0aC5iYWNrZW5kcy5Nb2RlbEJhY2tlbmQiLCJfYXV0aF91c2VyX2hhc2giOiJlNWE0ZWUwNDc0ZjBmNjNmMzU3ZDE5MjZlZGY2MWQ4Njg5MjVkYzM3In0=", "expire_date": "2018-12-03T23:37:03.535Z"}}, {"model": "admin.logentry", "pk": 1, "fields": {"action_time": "2018-11-15T02:20:36.838Z", "user": 1, "content_type": 7, "object_id": "1", "object_repr": "1", "action_flag": 1, "change_message": "[{\"added\": {}}]"}}, {"model": "admin.logentry", "pk": 2, "fields": {"action_time": "2018-11-15T02:20:57.811Z", "user": 1, "content_type": 4, "object_id": "1", "object_repr": "A", "action_flag": 1, "change_message": "[{\"added\": {}}]"}}, {"model": "admin.logentry", "pk": 3, "fields": {"action_time": "2018-11-15T02:21:16.334Z", "user": 1, "content_type": 3, "object_id": "1", "object_repr": "Normal", "action_flag": 1, "change_message": "[{\"added\": {}}]"}}, {"model": "admin.logentry", "pk": 4, "fields": {"action_time": "2018-11-15T02:21:31.365Z", "user": 1, "content_type": 8, "object_id": "1", "object_repr": "Front", "action_flag": 1, "change_message": "[{\"added\": {}}]"}}, {"model": "admin.logentry", "pk": 5, "fields": {"action_time": "2018-11-15T02:21:50.472Z", "user": 1, "content_type": 10, "object_id": "1", "object_repr": "Playhouse Theater", "action_flag": 1, "change_message": "[{\"added\": {}}]"}}, {"model": "admin.logentry", "pk": 6, "fields": {"action_time": "2018-11-15T02:22:23.506Z", "user": 1, "content_type": 2, "object_id": "1", "object_repr": "2018-11-15 02:22", "action_flag": 1, "change_message": "[{\"added\": {}}]"}}, {"model": "admin.logentry", "pk": 7, "fields": {"action_time": "2018-11-15T02:22:37.175Z", "user": 1, "content_type": 9, "object_id": "1", "object_repr": "MacBeth", "action_flag": 1, "change_message": "[{\"added\": {}}]"}}, {"model": "admin.logentry", "pk": 8, "fields": {"action_time": "2018-11-15T02:23:39.806Z", "user": 1, "content_type": 5, "object_id": "1", "object_repr": "Fall 2018", "action_flag": 1, "change_message": "[{\"added\": {}}]"}}, {"model": "admin.logentry", "pk": 9, "fields": {"action_time": "2018-11-15T02:45:27.929Z", "user": 1, "content_type": 1, "object_id": "1", "object_repr": "Shawn Matthias Edwards", "action_flag": 1, "change_message": "[{\"added\": {}}]"}}, {"model": "admin.logentry", "pk": 10, "fields": {"action_time": "2018-11-15T02:45:49.239Z", "user": 1, "content_type": 11, "object_id": "1", "object_repr": "(2018-11-15 02:22:22+00:00, MacBeth, Fall 2018, Shawn Edwards)", "action_flag": 1, "change_message": "[{\"added\": {}}]"}}, {"model": "admin.logentry", "pk": 11, "fields": {"action_time": "2018-11-15T02:46:09.090Z", "user": 1, "content_type": 6, "object_id": "1", "object_repr": "Shawn Edwards", "action_flag": 1, "change_message": "[{\"added\": {}}]"}}, {"model": "admin.logentry", "pk": 12, "fields": {"action_time": "2018-11-15T19:49:26.661Z", "user": 1, "content_type": 11, "object_id": "1", "object_repr": "(2018-11-15 02:22:22+00:00, MacBeth, Fall 2018, Shawn Edwards)", "action_flag": 2, "change_message": "[{\"changed\": {\"fields\": [\"row\", \"section\"]}}]"}}, {"model": "admin.logentry", "pk": 13, "fields": {"action_time": "2018-11-16T19:51:15.848Z", "user": 1, "content_type": 14, "object_id": "1", "object_repr": "HVTG Volunteers", "action_flag": 1, "change_message": "[{\"added\": {}}]"}}, {"model": "admin.logentry", "pk": 14, "fields": {"action_time": "2018-11-16T19:51:49.495Z", "user": 1, "content_type": 14, "object_id": "1", "object_repr": "HVTG Volunteers", "action_flag": 2, "change_message": "[{\"changed\": {\"fields\": [\"permissions\"]}}]"}}, {"model": "admin.logentry", "pk": 15, "fields": {"action_time": "2018-11-16T19:52:07.871Z", "user": 1, "content_type": 15, "object_id": "2", "object_repr": "AndyTowers", "action_flag": 1, "change_message": "[{\"added\": {}}]"}}, {"model": "admin.logentry", "pk": 16, "fields": {"action_time": "2018-11-16T19:52:43.039Z", "user": 1, "content_type": 15, "object_id": "2", "object_repr": "AndyTowers", "action_flag": 2, "change_message": "[{\"changed\": {\"fields\": [\"first_name\", \"last_name\", \"email\", \"is_staff\", \"groups\"]}}]"}}, {"model": "admin.logentry", "pk": 17, "fields": {"action_time": "2018-11-16T19:53:09.449Z", "user": 1, "content_type": 9, "object_id": "1", "object_repr": "MacBeth", "action_flag": 2, "change_message": "[{\"changed\": {\"fields\": [\"group\"]}}]"}}, {"model": "admin.logentry", "pk": 18, "fields": {"action_time": "2018-11-16T22:49:30.941Z", "user": 1, "content_type": 7, "object_id": "2", "object_repr": "2", "action_flag": 1, "change_message": "[{\"added\": {}}]"}}, {"model": "admin.logentry", "pk": 19, "fields": {"action_time": "2018-11-16T22:49:32.574Z", "user": 1, "content_type": 7, "object_id": "3", "object_repr": "3", "action_flag": 1, "change_message": "[{\"added\": {}}]"}}, {"model": "admin.logentry", "pk": 20, "fields": {"action_time": "2018-11-16T22:49:33.943Z", "user": 1, "content_type": 7, "object_id": "4", "object_repr": "4", "action_flag": 1, "change_message": "[{\"added\": {}}]"}}, {"model": "admin.logentry", "pk": 21, "fields": {"action_time": "2018-11-16T22:49:35.191Z", "user": 1, "content_type": 7, "object_id": "5", "object_repr": "5", "action_flag": 1, "change_message": "[{\"added\": {}}]"}}, {"model": "admin.logentry", "pk": 22, "fields": {"action_time": "2018-11-16T22:49:37.484Z", "user": 1, "content_type": 7, "object_id": "6", "object_repr": "6", "action_flag": 1, "change_message": "[{\"added\": {}}]"}}, {"model": "admin.logentry", "pk": 23, "fields": {"action_time": "2018-11-16T22:49:38.980Z", "user": 1, "content_type": 7, "object_id": "7", "object_repr": "7", "action_flag": 1, "change_message": "[{\"added\": {}}]"}}, {"model": "admin.logentry", "pk": 24, "fields": {"action_time": "2018-11-16T22:49:41.446Z", "user": 1, "content_type": 7, "object_id": "8", "object_repr": "8", "action_flag": 1, "change_message": "[{\"added\": {}}]"}}, {"model": "admin.logentry", "pk": 25, "fields": {"action_time": "2018-11-16T22:49:44.176Z", "user": 1, "content_type": 7, "object_id": "9", "object_repr": "9", "action_flag": 1, "change_message": "[{\"added\": {}}]"}}, {"model": "admin.logentry", "pk": 26, "fields": {"action_time": "2018-11-16T22:49:46.464Z", "user": 1, "content_type": 7, "object_id": "10", "object_repr": "10", "action_flag": 1, "change_message": "[{\"added\": {}}]"}}, {"model": "admin.logentry", "pk": 27, "fields": {"action_time": "2018-11-16T22:50:11.123Z", "user": 1, "content_type": 4, "object_id": "2", "object_repr": "B", "action_flag": 1, "change_message": "[{\"added\": {}}]"}}, {"model": "admin.logentry", "pk": 28, "fields": {"action_time": "2018-11-16T22:50:18.115Z", "user": 1, "content_type": 4, "object_id": "3", "object_repr": "C", "action_flag": 1, "change_message": "[{\"added\": {}}]"}}, {"model": "admin.logentry", "pk": 29, "fields": {"action_time": "2018-11-16T22:50:23.598Z", "user": 1, "content_type": 4, "object_id": "4", "object_repr": "D", "action_flag": 1, "change_message": "[{\"added\": {}}]"}}, {"model": "admin.logentry", "pk": 30, "fields": {"action_time": "2018-11-16T22:50:31.299Z", "user": 1, "content_type": 4, "object_id": "5", "object_repr": "E", "action_flag": 1, "change_message": "[{\"added\": {}}]"}}, {"model": "admin.logentry", "pk": 31, "fields": {"action_time": "2018-11-16T22:50:37.145Z", "user": 1, "content_type": 4, "object_id": "6", "object_repr": "F", "action_flag": 1, "change_message": "[{\"added\": {}}]"}}, {"model": "admin.logentry", "pk": 32, "fields": {"action_time": "2018-11-16T22:50:42.035Z", "user": 1, "content_type": 4, "object_id": "7", "object_repr": "G", "action_flag": 1, "change_message": "[{\"added\": {}}]"}}, {"model": "admin.logentry", "pk": 33, "fields": {"action_time": "2018-11-16T22:50:47.783Z", "user": 1, "content_type": 4, "object_id": "8", "object_repr": "H", "action_flag": 1, "change_message": "[{\"added\": {}}]"}}, {"model": "admin.logentry", "pk": 34, "fields": {"action_time": "2018-11-16T22:50:53.206Z", "user": 1, "content_type": 4, "object_id": "9", "object_repr": "I", "action_flag": 1, "change_message": "[{\"added\": {}}]"}}, {"model": "admin.logentry", "pk": 35, "fields": {"action_time": "2018-11-16T22:50:59.054Z", "user": 1, "content_type": 4, "object_id": "10", "object_repr": "J", "action_flag": 1, "change_message": "[{\"added\": {}}]"}}, {"model": "admin.logentry", "pk": 36, "fields": {"action_time": "2018-11-16T22:51:04.799Z", "user": 1, "content_type": 4, "object_id": "11", "object_repr": "K", "action_flag": 1, "change_message": "[{\"added\": {}}]"}}, {"model": "admin.logentry", "pk": 37, "fields": {"action_time": "2018-11-16T22:51:10.853Z", "user": 1, "content_type": 4, "object_id": "12", "object_repr": "L", "action_flag": 1, "change_message": "[{\"added\": {}}]"}}, {"model": "admin.logentry", "pk": 38, "fields": {"action_time": "2018-11-16T22:51:16.737Z", "user": 1, "content_type": 4, "object_id": "13", "object_repr": "M", "action_flag": 1, "change_message": "[{\"added\": {}}]"}}, {"model": "admin.logentry", "pk": 39, "fields": {"action_time": "2018-11-16T22:51:22.866Z", "user": 1, "content_type": 4, "object_id": "14", "object_repr": "N", "action_flag": 1, "change_message": "[{\"added\": {}}]"}}, {"model": "admin.logentry", "pk": 40, "fields": {"action_time": "2018-11-16T22:51:31.260Z", "user": 1, "content_type": 4, "object_id": "15", "object_repr": "O", "action_flag": 1, "change_message": "[{\"added\": {}}]"}}, {"model": "admin.logentry", "pk": 41, "fields": {"action_time": "2018-11-16T22:51:38.286Z", "user": 1, "content_type": 4, "object_id": "16", "object_repr": "P", "action_flag": 1, "change_message": "[{\"added\": {}}]"}}, {"model": "admin.logentry", "pk": 42, "fields": {"action_time": "2018-11-16T22:51:44.047Z", "user": 1, "content_type": 4, "object_id": "17", "object_repr": "Q", "action_flag": 1, "change_message": "[{\"added\": {}}]"}}, {"model": "admin.logentry", "pk": 43, "fields": {"action_time": "2018-11-16T22:51:49.064Z", "user": 1, "content_type": 4, "object_id": "18", "object_repr": "R", "action_flag": 1, "change_message": "[{\"added\": {}}]"}}, {"model": "admin.logentry", "pk": 44, "fields": {"action_time": "2018-11-16T22:51:57.691Z", "user": 1, "content_type": 4, "object_id": "19", "object_repr": "S", "action_flag": 1, "change_message": "[{\"added\": {}}]"}}, {"model": "admin.logentry", "pk": 45, "fields": {"action_time": "2018-11-16T22:52:02.725Z", "user": 1, "content_type": 4, "object_id": "20", "object_repr": "T", "action_flag": 1, "change_message": "[{\"added\": {}}]"}}, {"model": "admin.logentry", "pk": 46, "fields": {"action_time": "2018-11-16T22:52:09.730Z", "user": 1, "content_type": 4, "object_id": "21", "object_repr": "U", "action_flag": 1, "change_message": "[{\"added\": {}}]"}}, {"model": "admin.logentry", "pk": 47, "fields": {"action_time": "2018-11-16T22:52:16.049Z", "user": 1, "content_type": 4, "object_id": "22", "object_repr": "V", "action_flag": 1, "change_message": "[{\"added\": {}}]"}}, {"model": "admin.logentry", "pk": 48, "fields": {"action_time": "2018-11-16T22:52:21.739Z", "user": 1, "content_type": 4, "object_id": "23", "object_repr": "W", "action_flag": 1, "change_message": "[{\"added\": {}}]"}}, {"model": "admin.logentry", "pk": 49, "fields": {"action_time": "2018-11-16T22:52:26.793Z", "user": 1, "content_type": 4, "object_id": "24", "object_repr": "X", "action_flag": 1, "change_message": "[{\"added\": {}}]"}}, {"model": "admin.logentry", "pk": 50, "fields": {"action_time": "2018-11-16T22:52:31.608Z", "user": 1, "content_type": 4, "object_id": "25", "object_repr": "Y", "action_flag": 1, "change_message": "[{\"added\": {}}]"}}, {"model": "admin.logentry", "pk": 51, "fields": {"action_time": "2018-11-16T22:52:38.088Z", "user": 1, "content_type": 4, "object_id": "26", "object_repr": "Z", "action_flag": 1, "change_message": "[{\"added\": {}}]"}}, {"model": "admin.logentry", "pk": 52, "fields": {"action_time": "2018-11-16T22:53:30.345Z", "user": 1, "content_type": 8, "object_id": "1", "object_repr": "Front", "action_flag": 2, "change_message": "[{\"changed\": {\"fields\": [\"rows\"]}}]"}}, {"model": "admin.logentry", "pk": 53, "fields": {"action_time": "2018-11-16T22:53:48.706Z", "user": 1, "content_type": 3, "object_id": "2", "object_repr": "Premeir", "action_flag": 1, "change_message": "[{\"added\": {}}]"}}, {"model": "admin.logentry", "pk": 54, "fields": {"action_time": "2018-11-16T22:54:00.361Z", "user": 1, "content_type": 3, "object_id": "2", "object_repr": "Premium", "action_flag": 2, "change_message": "[{\"changed\": {\"fields\": [\"name\"]}}]"}}, {"model": "admin.logentry", "pk": 55, "fields": {"action_time": "2018-11-16T22:54:27.767Z", "user": 1, "content_type": 8, "object_id": "2", "object_repr": "Back", "action_flag": 1, "change_message": "[{\"added\": {}}]"}}, {"model": "admin.logentry", "pk": 56, "fields": {"action_time": "2018-11-16T22:54:43.839Z", "user": 1, "content_type": 3, "object_id": "3", "object_repr": "Military", "action_flag": 1, "change_message": "[{\"added\": {}}]"}}, {"model": "admin.logentry", "pk": 57, "fields": {"action_time": "2018-11-16T22:55:20.651Z", "user": 1, "content_type": 3, "object_id": "4", "object_repr": "LockHeed Martin Company Pricing", "action_flag": 1, "change_message": "[{\"added\": {}}]"}}, {"model": "admin.logentry", "pk": 58, "fields": {"action_time": "2018-11-16T22:56:10.546Z", "user": 1, "content_type": 3, "object_id": "3", "object_repr": "Military", "action_flag": 3, "change_message": ""}}, {"model": "admin.logentry", "pk": 59, "fields": {"action_time": "2018-11-16T22:56:54.683Z", "user": 1, "content_type": 10, "object_id": "2", "object_repr": "Concert Hall", "action_flag": 1, "change_message": "[{\"added\": {}}]"}}, {"model": "admin.logentry", "pk": 60, "fields": {"action_time": "2018-11-16T23:15:29.714Z", "user": 1, "content_type": 14, "object_id": "2", "object_repr": "Site Admin", "action_flag": 1, "change_message": "[{\"added\": {}}]"}}, {"model": "admin.logentry", "pk": 61, "fields": {"action_time": "2018-11-16T23:19:07.371Z", "user": 1, "content_type": 14, "object_id": "3", "object_repr": "Theater Admin", "action_flag": 1, "change_message": "[{\"added\": {}}]"}}, {"model": "admin.logentry", "pk": 62, "fields": {"action_time": "2018-11-16T23:20:08.096Z", "user": 1, "content_type": 14, "object_id": "4", "object_repr": "HVTG Admin", "action_flag": 1, "change_message": "[{\"added\": {}}]"}}, {"model": "admin.logentry", "pk": 63, "fields": {"action_time": "2018-11-16T23:20:55.536Z", "user": 1, "content_type": 15, "object_id": "3", "object_repr": "HVTGAdmin", "action_flag": 1, "change_message": "[{\"added\": {}}]"}}, {"model": "admin.logentry", "pk": 64, "fields": {"action_time": "2018-11-16T23:23:11.395Z", "user": 1, "content_type": 15, "object_id": "3", "object_repr": "HVTGAdmin", "action_flag": 2, "change_message": "[{\"changed\": {\"fields\": [\"first_name\", \"last_name\", \"email\", \"is_staff\", \"groups\"]}}]"}}, {"model": "admin.logentry", "pk": 65, "fields": {"action_time": "2018-11-16T23:49:27.916Z", "user": 1, "content_type": 14, "object_id": "5", "object_repr": "VBC Volunteers", "action_flag": 1, "change_message": "[{\"added\": {}}]"}}, {"model": "admin.logentry", "pk": 66, "fields": {"action_time": "2018-11-16T23:49:47.783Z", "user": 1, "content_type": 9, "object_id": "1", "object_repr": "MacBeth", "action_flag": 2, "change_message": "[{\"changed\": {\"fields\": [\"group\"]}}]"}}, {"model": "admin.logentry", "pk": 67, "fields": {"action_time": "2018-11-16T23:51:13.043Z", "user": 1, "content_type": 2, "object_id": "2", "object_repr": "2018-11-17 23:51", "action_flag": 1, "change_message": "[{\"added\": {}}]"}}, {"model": "admin.logentry", "pk": 68, "fields": {"action_time": "2018-11-16T23:51:15.987Z", "user": 1, "content_type": 9, "object_id": "2", "object_repr": "Hamlet", "action_flag": 1, "change_message": "[{\"added\": {}}]"}}, {"model": "admin.logentry", "pk": 69, "fields": {"action_time": "2018-11-16T23:51:34.796Z", "user": 1, "content_type": 5, "object_id": "1", "object_repr": "Fall 2018", "action_flag": 2, "change_message": "[{\"changed\": {\"fields\": [\"shows\"]}}]"}}, {"model": "admin.logentry", "pk": 70, "fields": {"action_time": "2018-11-16T23:52:50.125Z", "user": 1, "content_type": 14, "object_id": "6", "object_repr": "Fantasy Playhouse", "action_flag": 1, "change_message": "[{\"added\": {}}]"}}, {"model": "admin.logentry", "pk": 71, "fields": {"action_time": "2018-11-16T23:52:57.275Z", "user": 1, "content_type": 14, "object_id": "6", "object_repr": "Fantasy Playhouse Volunteers", "action_flag": 2, "change_message": "[{\"changed\": {\"fields\": [\"name\"]}}]"}}, {"model": "admin.logentry", "pk": 72, "fields": {"action_time": "2018-11-16T23:54:32.078Z", "user": 1, "content_type": 14, "object_id": "7", "object_repr": "Fantasy Playhouse Admin", "action_flag": 1, "change_message": "[{\"added\": {}}]"}}, {"model": "admin.logentry", "pk": 73, "fields": {"action_time": "2018-11-16T23:54:46.695Z", "user": 1, "content_type": 9, "object_id": "2", "object_repr": "Hamlet", "action_flag": 2, "change_message": "[{\"changed\": {\"fields\": [\"group\"]}}]"}}, {"model": "admin.logentry", "pk": 74, "fields": {"action_time": "2018-11-17T13:25:36.346Z", "user": 1, "content_type": 11, "object_id": "2", "object_repr": "(2018-11-15 02:22:22+00:00, MacBeth, Fall 2018, Shawn Edwards)", "action_flag": 1, "change_message": "[{\"added\": {}}]"}}, {"model": "admin.logentry", "pk": 75, "fields": {"action_time": "2018-11-17T13:43:52.511Z", "user": 1, "content_type": 10, "object_id": "3", "object_repr": "Test", "action_flag": 1, "change_message": "[{\"added\": {}}]"}}, {"model": "admin.logentry", "pk": 76, "fields": {"action_time": "2018-11-17T13:59:53.020Z", "user": 1, "content_type": 9, "object_id": "3", "object_repr": "John Prine", "action_flag": 1, "change_message": "[{\"added\": {}}]"}}, {"model": "admin.logentry", "pk": 77, "fields": {"action_time": "2018-11-17T14:02:10.625Z", "user": 1, "content_type": 2, "object_id": "3", "object_repr": "2018-11-18 18:00", "action_flag": 1, "change_message": "[{\"added\": {}}]"}}, {"model": "admin.logentry", "pk": 78, "fields": {"action_time": "2018-11-17T14:03:11.394Z", "user": 1, "content_type": 9, "object_id": "4", "object_repr": "Scotty McCreedy", "action_flag": 1, "change_message": "[{\"added\": {}}]"}}, {"model": "admin.logentry", "pk": 79, "fields": {"action_time": "2018-11-17T14:03:25.883Z", "user": 1, "content_type": 5, "object_id": "1", "object_repr": "Fall 2018", "action_flag": 2, "change_message": "[{\"changed\": {\"fields\": [\"shows\"]}}]"}}, {"model": "admin.logentry", "pk": 80, "fields": {"action_time": "2018-11-17T14:05:21.162Z", "user": 1, "content_type": 11, "object_id": "3", "object_repr": "(2018-11-18 18:00:00+00:00, Scotty McCreedy, Fall 2018, Shawn Edwards)", "action_flag": 1, "change_message": "[{\"added\": {}}]"}}, {"model": "admin.logentry", "pk": 81, "fields": {"action_time": "2018-11-17T16:32:33.544Z", "user": 1, "content_type": 2, "object_id": "4", "object_repr": "2018-11-20 12:00", "action_flag": 1, "change_message": "[{\"added\": {}}]"}}, {"model": "admin.logentry", "pk": 82, "fields": {"action_time": "2018-11-17T16:32:50.306Z", "user": 1, "content_type": 9, "object_id": "4", "object_repr": "Scotty McCreedy", "action_flag": 2, "change_message": "[{\"changed\": {\"fields\": [\"performances\"]}}]"}}, {"model": "admin.logentry", "pk": 83, "fields": {"action_time": "2018-11-17T17:01:43.780Z", "user": 1, "content_type": 11, "object_id": "4", "object_repr": "(2018-11-17 23:51:06+00:00, John Prine, Fall 2018, Shawn Edwards)", "action_flag": 1, "change_message": "[{\"added\": {}}]"}}, {"model": "admin.logentry", "pk": 84, "fields": {"action_time": "2018-11-18T02:51:03.655Z", "user": 1, "content_type": 11, "object_id": "14", "object_repr": ")", "action_flag": 3, "change_message": ""}}, {"model": "admin.logentry", "pk": 85, "fields": {"action_time": "2018-11-18T02:51:03.658Z", "user": 1, "content_type": 11, "object_id": "13", "object_repr": ")", "action_flag": 3, "change_message": ""}}, {"model": "admin.logentry", "pk": 86, "fields": {"action_time": "2018-11-18T02:51:03.660Z", "user": 1, "content_type": 11, "object_id": "12", "object_repr": ")", "action_flag": 3, "change_message": ""}}, {"model": "admin.logentry", "pk": 87, "fields": {"action_time": "2018-11-18T02:51:03.661Z", "user": 1, "content_type": 11, "object_id": "11", "object_repr": ")", "action_flag": 3, "change_message": ""}}, {"model": "admin.logentry", "pk": 88, "fields": {"action_time": "2018-11-18T02:51:03.663Z", "user": 1, "content_type": 11, "object_id": "10", "object_repr": ")", "action_flag": 3, "change_message": ""}}, {"model": "admin.logentry", "pk": 89, "fields": {"action_time": "2018-11-18T02:51:03.667Z", "user": 1, "content_type": 11, "object_id": "9", "object_repr": ")", "action_flag": 3, "change_message": ""}}, {"model": "admin.logentry", "pk": 90, "fields": {"action_time": "2018-11-18T02:51:03.676Z", "user": 1, "content_type": 11, "object_id": "8", "object_repr": ")", "action_flag": 3, "change_message": ""}}, {"model": "admin.logentry", "pk": 91, "fields": {"action_time": "2018-11-18T02:51:03.677Z", "user": 1, "content_type": 11, "object_id": "7", "object_repr": ")", "action_flag": 3, "change_message": ""}}, {"model": "admin.logentry", "pk": 92, "fields": {"action_time": "2018-11-18T02:51:03.678Z", "user": 1, "content_type": 11, "object_id": "6", "object_repr": ")", "action_flag": 3, "change_message": ""}}, {"model": "admin.logentry", "pk": 93, "fields": {"action_time": "2018-11-18T02:51:03.680Z", "user": 1, "content_type": 11, "object_id": "5", "object_repr": ")", "action_flag": 3, "change_message": ""}}, {"model": "admin.logentry", "pk": 94, "fields": {"action_time": "2018-11-18T02:51:25.064Z", "user": 1, "content_type": 1, "object_id": "2", "object_repr": "Andy  Towers", "action_flag": 3, "change_message": ""}}, {"model": "admin.logentry", "pk": 95, "fields": {"action_time": "2018-11-18T02:52:28.462Z", "user": 1, "content_type": 11, "object_id": "15", "object_repr": ")", "action_flag": 2, "change_message": "[{\"changed\": {\"fields\": [\"season\"]}}]"}}, {"model": "admin.logentry", "pk": 96, "fields": {"action_time": "2018-11-18T02:55:01.430Z", "user": 1, "content_type": 11, "object_id": "19", "object_repr": ")", "action_flag": 1, "change_message": "[{\"added\": {}}]"}}, {"model": "admin.logentry", "pk": 97, "fields": {"action_time": "2018-11-18T02:55:54.752Z", "user": 1, "content_type": 11, "object_id": "20", "object_repr": ")", "action_flag": 1, "change_message": "[{\"added\": {}}]"}}, {"model": "admin.logentry", "pk": 98, "fields": {"action_time": "2018-11-18T03:37:23.844Z", "user": 1, "content_type": 2, "object_id": "3", "object_repr": "2018-11-18 18:00", "action_flag": 2, "change_message": "[{\"changed\": {\"fields\": [\"theater\"]}}]"}}, {"model": "admin.logentry", "pk": 99, "fields": {"action_time": "2018-11-18T03:37:28.992Z", "user": 1, "content_type": 2, "object_id": "3", "object_repr": "2018-11-18 18:00", "action_flag": 2, "change_message": "[{\"changed\": {\"fields\": [\"theater\"]}}]"}}, {"model": "admin.logentry", "pk": 100, "fields": {"action_time": "2018-11-18T03:39:21.589Z", "user": 1, "content_type": 2, "object_id": "5", "object_repr": "2018-11-18 03:39", "action_flag": 1, "change_message": "[{\"added\": {}}]"}}, {"model": "admin.logentry", "pk": 101, "fields": {"action_time": "2018-11-18T03:39:47.044Z", "user": 1, "content_type": 9, "object_id": "4", "object_repr": "Scotty McCreedy", "action_flag": 2, "change_message": "[{\"changed\": {\"fields\": [\"performances\"]}}]"}}, {"model": "admin.logentry", "pk": 102, "fields": {"action_time": "2018-11-18T04:55:13.919Z", "user": 1, "content_type": 11, "object_id": "24", "object_repr": "(2018-11-18 18:00:00+00:00, Scotty McCreedy, Matthew Annerton)", "action_flag": 3, "change_message": ""}}, {"model": "admin.logentry", "pk": 103, "fields": {"action_time": "2018-11-18T04:55:13.934Z", "user": 1, "content_type": 11, "object_id": "23", "object_repr": "(2018-11-18 18:00:00+00:00, Scotty McCreedy, Matthew Annerton)", "action_flag": 3, "change_message": ""}}, {"model": "admin.logentry", "pk": 104, "fields": {"action_time": "2018-11-18T04:55:13.950Z", "user": 1, "content_type": 11, "object_id": "22", "object_repr": "(2018-11-18 18:00:00+00:00, Scotty McCreedy, Shawn Edwards)", "action_flag": 3, "change_message": ""}}, {"model": "admin.logentry", "pk": 105, "fields": {"action_time": "2018-11-18T04:55:13.960Z", "user": 1, "content_type": 11, "object_id": "21", "object_repr": "(2018-11-18 18:00:00+00:00, Scotty McCreedy, Andy Towers)", "action_flag": 3, "change_message": ""}}, {"model": "admin.logentry", "pk": 106, "fields": {"action_time": "2018-11-18T04:55:13.973Z", "user": 1, "content_type": 11, "object_id": "18", "object_repr": "(2018-11-18 18:00:00+00:00, Scotty McCreedy, Andy Towers)", "action_flag": 3, "change_message": ""}}, {"model": "admin.logentry", "pk": 107, "fields": {"action_time": "2018-11-18T04:55:13.989Z", "user": 1, "content_type": 11, "object_id": "17", "object_repr": "(2018-11-18 18:00:00+00:00, Scotty McCreedy, Andy Towers)", "action_flag": 3, "change_message": ""}}, {"model": "admin.logentry", "pk": 108, "fields": {"action_time": "2018-11-18T04:55:14.007Z", "user": 1, "content_type": 11, "object_id": "16", "object_repr": "(2018-11-18 18:00:00+00:00, Scotty McCreedy, Andy Towers)", "action_flag": 3, "change_message": ""}}, {"model": "admin.logentry", "pk": 109, "fields": {"action_time": "2018-11-18T23:10:46.395Z", "user": 1, "content_type": 2, "object_id": "6", "object_repr": "2018-11-21 19:00", "action_flag": 1, "change_message": "[{\"added\": {}}]"}}, {"model": "admin.logentry", "pk": 110, "fields": {"action_time": "2018-11-18T23:11:02.446Z", "user": 1, "content_type": 2, "object_id": "7", "object_repr": "2018-11-28 19:00", "action_flag": 1, "change_message": "[{\"added\": {}}]"}}, {"model": "admin.logentry", "pk": 111, "fields": {"action_time": "2018-11-18T23:11:14.227Z", "user": 1, "content_type": 9, "object_id": "4", "object_repr": "Scotty McCreedy", "action_flag": 2, "change_message": "[{\"changed\": {\"fields\": [\"performances\"]}}]"}}, {"model": "admin.logentry", "pk": 112, "fields": {"action_time": "2018-11-18T23:46:26.623Z", "user": 1, "content_type": 11, "object_id": "50", "object_repr": "(2018-11-28 19:00:00+00:00, Scotty McCreedy, Fall 2018, Shawn Edwards)", "action_flag": 3, "change_message": ""}}, {"model": "admin.logentry", "pk": 113, "fields": {"action_time": "2018-11-18T23:46:26.640Z", "user": 1, "content_type": 11, "object_id": "49", "object_repr": "(2018-11-28 19:00:00+00:00, Scotty McCreedy, Fall 2018, Shawn Edwards)", "action_flag": 3, "change_message": ""}}, {"model": "admin.logentry", "pk": 114, "fields": {"action_time": "2018-11-18T23:46:26.649Z", "user": 1, "content_type": 11, "object_id": "48", "object_repr": "(2018-11-28 19:00:00+00:00, Scotty McCreedy, Fall 2018, Shawn Edwards)", "action_flag": 3, "change_message": ""}}, {"model": "admin.logentry", "pk": 115, "fields": {"action_time": "2018-11-18T23:46:26.660Z", "user": 1, "content_type": 11, "object_id": "47", "object_repr": "(2018-11-28 19:00:00+00:00, Scotty McCreedy, Fall 2018, Shawn Edwards)", "action_flag": 3, "change_message": ""}}, {"model": "admin.logentry", "pk": 116, "fields": {"action_time": "2018-11-18T23:46:26.669Z", "user": 1, "content_type": 11, "object_id": "46", "object_repr": "(2018-11-21 19:00:00+00:00, Scotty McCreedy, Fall 2018, Shawn Edwards)", "action_flag": 3, "change_message": ""}}, {"model": "admin.logentry", "pk": 117, "fields": {"action_time": "2018-11-18T23:46:26.695Z", "user": 1, "content_type": 11, "object_id": "45", "object_repr": "(2018-11-21 19:00:00+00:00, Scotty McCreedy, Fall 2018, Shawn Edwards)", "action_flag": 3, "change_message": ""}}, {"model": "admin.logentry", "pk": 118, "fields": {"action_time": "2018-11-18T23:46:26.714Z", "user": 1, "content_type": 11, "object_id": "44", "object_repr": "(2018-11-21 19:00:00+00:00, Scotty McCreedy, Fall 2018, Shawn Edwards)", "action_flag": 3, "change_message": ""}}, {"model": "admin.logentry", "pk": 119, "fields": {"action_time": "2018-11-18T23:46:26.746Z", "user": 1, "content_type": 11, "object_id": "43", "object_repr": "(2018-11-21 19:00:00+00:00, Scotty McCreedy, Fall 2018, Shawn Edwards)", "action_flag": 3, "change_message": ""}}, {"model": "admin.logentry", "pk": 120, "fields": {"action_time": "2018-11-19T00:31:03.103Z", "user": 1, "content_type": 11, "object_id": "130", "object_repr": "(2018-11-28 19:00:00+00:00, Scotty McCreedy, Fall 2018, Andy Towers)", "action_flag": 3, "change_message": ""}}, {"model": "admin.logentry", "pk": 121, "fields": {"action_time": "2018-11-19T00:31:03.115Z", "user": 1, "content_type": 11, "object_id": "129", "object_repr": "(2018-11-28 19:00:00+00:00, Scotty McCreedy, Fall 2018, Andy Towers)", "action_flag": 3, "change_message": ""}}, {"model": "admin.logentry", "pk": 122, "fields": {"action_time": "2018-11-19T00:31:03.129Z", "user": 1, "content_type": 11, "object_id": "128", "object_repr": "(2018-11-28 19:00:00+00:00, Scotty McCreedy, Fall 2018, Andy Towers)", "action_flag": 3, "change_message": ""}}, {"model": "admin.logentry", "pk": 123, "fields": {"action_time": "2018-11-19T00:31:03.141Z", "user": 1, "content_type": 11, "object_id": "127", "object_repr": "(2018-11-28 19:00:00+00:00, Scotty McCreedy, Fall 2018, Andy Towers)", "action_flag": 3, "change_message": ""}}, {"model": "admin.logentry", "pk": 124, "fields": {"action_time": "2018-11-19T00:31:03.149Z", "user": 1, "content_type": 11, "object_id": "126", "object_repr": "(2018-11-21 19:00:00+00:00, Scotty McCreedy, Fall 2018, Andy Towers)", "action_flag": 3, "change_message": ""}}, {"model": "admin.logentry", "pk": 125, "fields": {"action_time": "2018-11-19T00:31:03.157Z", "user": 1, "content_type": 11, "object_id": "125", "object_repr": "(2018-11-21 19:00:00+00:00, Scotty McCreedy, Fall 2018, Andy Towers)", "action_flag": 3, "change_message": ""}}, {"model": "admin.logentry", "pk": 126, "fields": {"action_time": "2018-11-19T00:31:03.169Z", "user": 1, "content_type": 11, "object_id": "124", "object_repr": "(2018-11-21 19:00:00+00:00, Scotty McCreedy, Fall 2018, Andy Towers)", "action_flag": 3, "change_message": ""}}, {"model": "admin.logentry", "pk": 127, "fields": {"action_time": "2018-11-19T00:31:03.183Z", "user": 1, "content_type": 11, "object_id": "123", "object_repr": "(2018-11-21 19:00:00+00:00, Scotty McCreedy, Fall 2018, Andy Towers)", "action_flag": 3, "change_message": ""}}, {"model": "admin.logentry", "pk": 128, "fields": {"action_time": "2018-11-19T00:31:03.195Z", "user": 1, "content_type": 11, "object_id": "122", "object_repr": "(2018-11-28 19:00:00+00:00, Scotty McCreedy, Fall 2018, Andy Towers)", "action_flag": 3, "change_message": ""}}, {"model": "admin.logentry", "pk": 129, "fields": {"action_time": "2018-11-19T00:31:03.203Z", "user": 1, "content_type": 11, "object_id": "121", "object_repr": "(2018-11-28 19:00:00+00:00, Scotty McCreedy, Fall 2018, Andy Towers)", "action_flag": 3, "change_message": ""}}, {"model": "admin.logentry", "pk": 130, "fields": {"action_time": "2018-11-19T00:31:03.213Z", "user": 1, "content_type": 11, "object_id": "120", "object_repr": "(2018-11-28 19:00:00+00:00, Scotty McCreedy, Fall 2018, Andy Towers)", "action_flag": 3, "change_message": ""}}, {"model": "admin.logentry", "pk": 131, "fields": {"action_time": "2018-11-19T00:31:03.224Z", "user": 1, "content_type": 11, "object_id": "119", "object_repr": "(2018-11-28 19:00:00+00:00, Scotty McCreedy, Fall 2018, Andy Towers)", "action_flag": 3, "change_message": ""}}, {"model": "admin.logentry", "pk": 132, "fields": {"action_time": "2018-11-19T00:31:03.237Z", "user": 1, "content_type": 11, "object_id": "118", "object_repr": "(2018-11-21 19:00:00+00:00, Scotty McCreedy, Fall 2018, Andy Towers)", "action_flag": 3, "change_message": ""}}, {"model": "admin.logentry", "pk": 133, "fields": {"action_time": "2018-11-19T00:31:03.250Z", "user": 1, "content_type": 11, "object_id": "117", "object_repr": "(2018-11-21 19:00:00+00:00, Scotty McCreedy, Fall 2018, Andy Towers)", "action_flag": 3, "change_message": ""}}, {"model": "admin.logentry", "pk": 134, "fields": {"action_time": "2018-11-19T00:31:03.259Z", "user": 1, "content_type": 11, "object_id": "116", "object_repr": "(2018-11-21 19:00:00+00:00, Scotty McCreedy, Fall 2018, Andy Towers)", "action_flag": 3, "change_message": ""}}, {"model": "admin.logentry", "pk": 135, "fields": {"action_time": "2018-11-19T00:31:03.267Z", "user": 1, "content_type": 11, "object_id": "115", "object_repr": "(2018-11-21 19:00:00+00:00, Scotty McCreedy, Fall 2018, Andy Towers)", "action_flag": 3, "change_message": ""}}, {"model": "admin.logentry", "pk": 136, "fields": {"action_time": "2018-11-19T00:31:03.278Z", "user": 1, "content_type": 11, "object_id": "114", "object_repr": "(2018-11-28 19:00:00+00:00, Scotty McCreedy, Fall 2018, Andy Towers)", "action_flag": 3, "change_message": ""}}, {"model": "admin.logentry", "pk": 137, "fields": {"action_time": "2018-11-19T00:31:03.290Z", "user": 1, "content_type": 11, "object_id": "113", "object_repr": "(2018-11-28 19:00:00+00:00, Scotty McCreedy, Fall 2018, Andy Towers)", "action_flag": 3, "change_message": ""}}, {"model": "admin.logentry", "pk": 138, "fields": {"action_time": "2018-11-19T00:31:03.305Z", "user": 1, "content_type": 11, "object_id": "112", "object_repr": "(2018-11-28 19:00:00+00:00, Scotty McCreedy, Fall 2018, Andy Towers)", "action_flag": 3, "change_message": ""}}, {"model": "admin.logentry", "pk": 139, "fields": {"action_time": "2018-11-19T00:31:03.313Z", "user": 1, "content_type": 11, "object_id": "111", "object_repr": "(2018-11-28 19:00:00+00:00, Scotty McCreedy, Fall 2018, Andy Towers)", "action_flag": 3, "change_message": ""}}, {"model": "admin.logentry", "pk": 140, "fields": {"action_time": "2018-11-19T00:31:03.322Z", "user": 1, "content_type": 11, "object_id": "110", "object_repr": "(2018-11-21 19:00:00+00:00, Scotty McCreedy, Fall 2018, Andy Towers)", "action_flag": 3, "change_message": ""}}, {"model": "admin.logentry", "pk": 141, "fields": {"action_time": "2018-11-19T00:31:03.335Z", "user": 1, "content_type": 11, "object_id": "109", "object_repr": "(2018-11-21 19:00:00+00:00, Scotty McCreedy, Fall 2018, Andy Towers)", "action_flag": 3, "change_message": ""}}, {"model": "admin.logentry", "pk": 142, "fields": {"action_time": "2018-11-19T00:31:03.348Z", "user": 1, "content_type": 11, "object_id": "108", "object_repr": "(2018-11-21 19:00:00+00:00, Scotty McCreedy, Fall 2018, Andy Towers)", "action_flag": 3, "change_message": ""}}, {"model": "admin.logentry", "pk": 143, "fields": {"action_time": "2018-11-19T00:31:03.358Z", "user": 1, "content_type": 11, "object_id": "107", "object_repr": "(2018-11-21 19:00:00+00:00, Scotty McCreedy, Fall 2018, Andy Towers)", "action_flag": 3, "change_message": ""}}, {"model": "admin.logentry", "pk": 144, "fields": {"action_time": "2018-11-19T00:31:03.367Z", "user": 1, "content_type": 11, "object_id": "106", "object_repr": "(2018-11-28 19:00:00+00:00, Scotty McCreedy, Fall 2018, Andy Towers)", "action_flag": 3, "change_message": ""}}, {"model": "admin.logentry", "pk": 145, "fields": {"action_time": "2018-11-19T00:31:03.379Z", "user": 1, "content_type": 11, "object_id": "105", "object_repr": "(2018-11-28 19:00:00+00:00, Scotty McCreedy, Fall 2018, Andy Towers)", "action_flag": 3, "change_message": ""}}, {"model": "admin.logentry", "pk": 146, "fields": {"action_time": "2018-11-19T00:31:03.395Z", "user": 1, "content_type": 11, "object_id": "104", "object_repr": "(2018-11-28 19:00:00+00:00, Scotty McCreedy, Fall 2018, Andy Towers)", "action_flag": 3, "change_message": ""}}, {"model": "admin.logentry", "pk": 147, "fields": {"action_time": "2018-11-19T00:31:03.410Z", "user": 1, "content_type": 11, "object_id": "103", "object_repr": "(2018-11-28 19:00:00+00:00, Scotty McCreedy, Fall 2018, Andy Towers)", "action_flag": 3, "change_message": ""}}, {"model": "admin.logentry", "pk": 148, "fields": {"action_time": "2018-11-19T00:31:03.417Z", "user": 1, "content_type": 11, "object_id": "102", "object_repr": "(2018-11-21 19:00:00+00:00, Scotty McCreedy, Fall 2018, Andy Towers)", "action_flag": 3, "change_message": ""}}, {"model": "admin.logentry", "pk": 149, "fields": {"action_time": "2018-11-19T00:31:03.426Z", "user": 1, "content_type": 11, "object_id": "101", "object_repr": "(2018-11-21 19:00:00+00:00, Scotty McCreedy, Fall 2018, Andy Towers)", "action_flag": 3, "change_message": ""}}, {"model": "admin.logentry", "pk": 150, "fields": {"action_time": "2018-11-19T00:31:03.440Z", "user": 1, "content_type": 11, "object_id": "100", "object_repr": "(2018-11-21 19:00:00+00:00, Scotty McCreedy, Fall 2018, Andy Towers)", "action_flag": 3, "change_message": ""}}, {"model": "admin.logentry", "pk": 151, "fields": {"action_time": "2018-11-19T00:31:03.450Z", "user": 1, "content_type": 11, "object_id": "99", "object_repr": "(2018-11-21 19:00:00+00:00, Scotty McCreedy, Fall 2018, Andy Towers)", "action_flag": 3, "change_message": ""}}, {"model": "admin.logentry", "pk": 152, "fields": {"action_time": "2018-11-19T00:31:03.461Z", "user": 1, "content_type": 11, "object_id": "98", "object_repr": "(2018-11-28 19:00:00+00:00, Scotty McCreedy, Fall 2018, Andy Towers)", "action_flag": 3, "change_message": ""}}, {"model": "admin.logentry", "pk": 153, "fields": {"action_time": "2018-11-19T00:31:03.468Z", "user": 1, "content_type": 11, "object_id": "97", "object_repr": "(2018-11-28 19:00:00+00:00, Scotty McCreedy, Fall 2018, Andy Towers)", "action_flag": 3, "change_message": ""}}, {"model": "admin.logentry", "pk": 154, "fields": {"action_time": "2018-11-19T00:31:03.477Z", "user": 1, "content_type": 11, "object_id": "96", "object_repr": "(2018-11-28 19:00:00+00:00, Scotty McCreedy, Fall 2018, Andy Towers)", "action_flag": 3, "change_message": ""}}, {"model": "admin.logentry", "pk": 155, "fields": {"action_time": "2018-11-19T00:31:03.484Z", "user": 1, "content_type": 11, "object_id": "95", "object_repr": "(2018-11-28 19:00:00+00:00, Scotty McCreedy, Fall 2018, Andy Towers)", "action_flag": 3, "change_message": ""}}, {"model": "admin.logentry", "pk": 156, "fields": {"action_time": "2018-11-19T00:31:03.496Z", "user": 1, "content_type": 11, "object_id": "94", "object_repr": "(2018-11-21 19:00:00+00:00, Scotty McCreedy, Fall 2018, Andy Towers)", "action_flag": 3, "change_message": ""}}, {"model": "admin.logentry", "pk": 157, "fields": {"action_time": "2018-11-19T00:31:03.510Z", "user": 1, "content_type": 11, "object_id": "93", "object_repr": "(2018-11-21 19:00:00+00:00, Scotty McCreedy, Fall 2018, Andy Towers)", "action_flag": 3, "change_message": ""}}, {"model": "admin.logentry", "pk": 158, "fields": {"action_time": "2018-11-19T00:31:03.526Z", "user": 1, "content_type": 11, "object_id": "92", "object_repr": "(2018-11-21 19:00:00+00:00, Scotty McCreedy, Fall 2018, Andy Towers)", "action_flag": 3, "change_message": ""}}, {"model": "admin.logentry", "pk": 159, "fields": {"action_time": "2018-11-19T00:31:03.534Z", "user": 1, "content_type": 11, "object_id": "91", "object_repr": "(2018-11-21 19:00:00+00:00, Scotty McCreedy, Fall 2018, Andy Towers)", "action_flag": 3, "change_message": ""}}, {"model": "admin.logentry", "pk": 160, "fields": {"action_time": "2018-11-19T00:31:03.544Z", "user": 1, "content_type": 11, "object_id": "90", "object_repr": "(2018-11-28 19:00:00+00:00, Scotty McCreedy, Fall 2018, Andy Towers)", "action_flag": 3, "change_message": ""}}, {"model": "admin.logentry", "pk": 161, "fields": {"action_time": "2018-11-19T00:31:03.559Z", "user": 1, "content_type": 11, "object_id": "89", "object_repr": "(2018-11-28 19:00:00+00:00, Scotty McCreedy, Fall 2018, Andy Towers)", "action_flag": 3, "change_message": ""}}, {"model": "admin.logentry", "pk": 162, "fields": {"action_time": "2018-11-19T00:31:03.577Z", "user": 1, "content_type": 11, "object_id": "88", "object_repr": "(2018-11-28 19:00:00+00:00, Scotty McCreedy, Fall 2018, Andy Towers)", "action_flag": 3, "change_message": ""}}, {"model": "admin.logentry", "pk": 163, "fields": {"action_time": "2018-11-19T00:31:03.587Z", "user": 1, "content_type": 11, "object_id": "87", "object_repr": "(2018-11-28 19:00:00+00:00, Scotty McCreedy, Fall 2018, Andy Towers)", "action_flag": 3, "change_message": ""}}, {"model": "admin.logentry", "pk": 164, "fields": {"action_time": "2018-11-19T00:31:03.595Z", "user": 1, "content_type": 11, "object_id": "86", "object_repr": "(2018-11-21 19:00:00+00:00, Scotty McCreedy, Fall 2018, Andy Towers)", "action_flag": 3, "change_message": ""}}, {"model": "admin.logentry", "pk": 165, "fields": {"action_time": "2018-11-19T00:31:03.604Z", "user": 1, "content_type": 11, "object_id": "85", "object_repr": "(2018-11-21 19:00:00+00:00, Scotty McCreedy, Fall 2018, Andy Towers)", "action_flag": 3, "change_message": ""}}, {"model": "admin.logentry", "pk": 166, "fields": {"action_time": "2018-11-19T00:31:03.620Z", "user": 1, "content_type": 11, "object_id": "84", "object_repr": "(2018-11-21 19:00:00+00:00, Scotty McCreedy, Fall 2018, Andy Towers)", "action_flag": 3, "change_message": ""}}, {"model": "admin.logentry", "pk": 167, "fields": {"action_time": "2018-11-19T00:31:03.634Z", "user": 1, "content_type": 11, "object_id": "83", "object_repr": "(2018-11-21 19:00:00+00:00, Scotty McCreedy, Fall 2018, Andy Towers)", "action_flag": 3, "change_message": ""}}, {"model": "admin.logentry", "pk": 168, "fields": {"action_time": "2018-11-19T00:31:03.644Z", "user": 1, "content_type": 11, "object_id": "82", "object_repr": "(2018-11-28 19:00:00+00:00, Scotty McCreedy, Fall 2018, Andy Towers)", "action_flag": 3, "change_message": ""}}, {"model": "admin.logentry", "pk": 169, "fields": {"action_time": "2018-11-19T00:31:03.652Z", "user": 1, "content_type": 11, "object_id": "81", "object_repr": "(2018-11-28 19:00:00+00:00, Scotty McCreedy, Fall 2018, Andy Towers)", "action_flag": 3, "change_message": ""}}, {"model": "admin.logentry", "pk": 170, "fields": {"action_time": "2018-11-19T00:31:03.665Z", "user": 1, "content_type": 11, "object_id": "80", "object_repr": "(2018-11-28 19:00:00+00:00, Scotty McCreedy, Fall 2018, Andy Towers)", "action_flag": 3, "change_message": ""}}, {"model": "admin.logentry", "pk": 171, "fields": {"action_time": "2018-11-19T00:31:03.676Z", "user": 1, "content_type": 11, "object_id": "79", "object_repr": "(2018-11-28 19:00:00+00:00, Scotty McCreedy, Fall 2018, Andy Towers)", "action_flag": 3, "change_message": ""}}, {"model": "admin.logentry", "pk": 172, "fields": {"action_time": "2018-11-19T00:31:03.688Z", "user": 1, "content_type": 11, "object_id": "78", "object_repr": "(2018-11-21 19:00:00+00:00, Scotty McCreedy, Fall 2018, Andy Towers)", "action_flag": 3, "change_message": ""}}, {"model": "admin.logentry", "pk": 173, "fields": {"action_time": "2018-11-19T00:31:03.697Z", "user": 1, "content_type": 11, "object_id": "77", "object_repr": "(2018-11-21 19:00:00+00:00, Scotty McCreedy, Fall 2018, Andy Towers)", "action_flag": 3, "change_message": ""}}, {"model": "admin.logentry", "pk": 174, "fields": {"action_time": "2018-11-19T00:31:03.705Z", "user": 1, "content_type": 11, "object_id": "76", "object_repr": "(2018-11-21 19:00:00+00:00, Scotty McCreedy, Fall 2018, Andy Towers)", "action_flag": 3, "change_message": ""}}, {"model": "admin.logentry", "pk": 175, "fields": {"action_time": "2018-11-19T00:31:03.718Z", "user": 1, "content_type": 11, "object_id": "75", "object_repr": "(2018-11-21 19:00:00+00:00, Scotty McCreedy, Fall 2018, Andy Towers)", "action_flag": 3, "change_message": ""}}, {"model": "admin.logentry", "pk": 176, "fields": {"action_time": "2018-11-19T00:31:03.725Z", "user": 1, "content_type": 11, "object_id": "74", "object_repr": "(2018-11-28 19:00:00+00:00, Scotty McCreedy, Fall 2018, Andy Towers)", "action_flag": 3, "change_message": ""}}, {"model": "admin.logentry", "pk": 177, "fields": {"action_time": "2018-11-19T00:31:03.735Z", "user": 1, "content_type": 11, "object_id": "73", "object_repr": "(2018-11-28 19:00:00+00:00, Scotty McCreedy, Fall 2018, Andy Towers)", "action_flag": 3, "change_message": ""}}, {"model": "admin.logentry", "pk": 178, "fields": {"action_time": "2018-11-19T00:31:03.745Z", "user": 1, "content_type": 11, "object_id": "72", "object_repr": "(2018-11-28 19:00:00+00:00, Scotty McCreedy, Fall 2018, Andy Towers)", "action_flag": 3, "change_message": ""}}, {"model": "admin.logentry", "pk": 179, "fields": {"action_time": "2018-11-19T00:31:03.760Z", "user": 1, "content_type": 11, "object_id": "71", "object_repr": "(2018-11-28 19:00:00+00:00, Scotty McCreedy, Fall 2018, Andy Towers)", "action_flag": 3, "change_message": ""}}, {"model": "admin.logentry", "pk": 180, "fields": {"action_time": "2018-11-19T00:31:03.773Z", "user": 1, "content_type": 11, "object_id": "70", "object_repr": "(2018-11-21 19:00:00+00:00, Scotty McCreedy, Fall 2018, Andy Towers)", "action_flag": 3, "change_message": ""}}, {"model": "admin.logentry", "pk": 181, "fields": {"action_time": "2018-11-19T00:31:03.780Z", "user": 1, "content_type": 11, "object_id": "69", "object_repr": "(2018-11-21 19:00:00+00:00, Scotty McCreedy, Fall 2018, Andy Towers)", "action_flag": 3, "change_message": ""}}, {"model": "admin.logentry", "pk": 182, "fields": {"action_time": "2018-11-19T00:31:03.790Z", "user": 1, "content_type": 11, "object_id": "68", "object_repr": "(2018-11-21 19:00:00+00:00, Scotty McCreedy, Fall 2018, Andy Towers)", "action_flag": 3, "change_message": ""}}, {"model": "admin.logentry", "pk": 183, "fields": {"action_time": "2018-11-19T00:31:03.806Z", "user": 1, "content_type": 11, "object_id": "67", "object_repr": "(2018-11-21 19:00:00+00:00, Scotty McCreedy, Fall 2018, Andy Towers)", "action_flag": 3, "change_message": ""}}, {"model": "admin.logentry", "pk": 184, "fields": {"action_time": "2018-11-19T00:31:03.820Z", "user": 1, "content_type": 11, "object_id": "66", "object_repr": "(2018-11-28 19:00:00+00:00, Scotty McCreedy, Fall 2018, Andy Towers)", "action_flag": 3, "change_message": ""}}, {"model": "admin.logentry", "pk": 185, "fields": {"action_time": "2018-11-19T00:31:03.828Z", "user": 1, "content_type": 11, "object_id": "65", "object_repr": "(2018-11-28 19:00:00+00:00, Scotty McCreedy, Fall 2018, Andy Towers)", "action_flag": 3, "change_message": ""}}, {"model": "admin.logentry", "pk": 186, "fields": {"action_time": "2018-11-19T00:31:03.837Z", "user": 1, "content_type": 11, "object_id": "64", "object_repr": "(2018-11-28 19:00:00+00:00, Scotty McCreedy, Fall 2018, Andy Towers)", "action_flag": 3, "change_message": ""}}, {"model": "admin.logentry", "pk": 187, "fields": {"action_time": "2018-11-19T00:31:03.858Z", "user": 1, "content_type": 11, "object_id": "63", "object_repr": "(2018-11-28 19:00:00+00:00, Scotty McCreedy, Fall 2018, Andy Towers)", "action_flag": 3, "change_message": ""}}, {"model": "admin.logentry", "pk": 188, "fields": {"action_time": "2018-11-19T00:31:03.882Z", "user": 1, "content_type": 11, "object_id": "62", "object_repr": "(2018-11-21 19:00:00+00:00, Scotty McCreedy, Fall 2018, Andy Towers)", "action_flag": 3, "change_message": ""}}, {"model": "admin.logentry", "pk": 189, "fields": {"action_time": "2018-11-19T00:31:03.895Z", "user": 1, "content_type": 11, "object_id": "61", "object_repr": "(2018-11-21 19:00:00+00:00, Scotty McCreedy, Fall 2018, Andy Towers)", "action_flag": 3, "change_message": ""}}, {"model": "admin.logentry", "pk": 190, "fields": {"action_time": "2018-11-19T00:31:03.903Z", "user": 1, "content_type": 11, "object_id": "60", "object_repr": "(2018-11-21 19:00:00+00:00, Scotty McCreedy, Fall 2018, Andy Towers)", "action_flag": 3, "change_message": ""}}, {"model": "admin.logentry", "pk": 191, "fields": {"action_time": "2018-11-19T00:31:03.914Z", "user": 1, "content_type": 11, "object_id": "59", "object_repr": "(2018-11-21 19:00:00+00:00, Scotty McCreedy, Fall 2018, Andy Towers)", "action_flag": 3, "change_message": ""}}, {"model": "admin.logentry", "pk": 192, "fields": {"action_time": "2018-11-19T00:31:03.948Z", "user": 1, "content_type": 11, "object_id": "58", "object_repr": "(2018-11-28 19:00:00+00:00, Scotty McCreedy, Fall 2018, Andy Towers)", "action_flag": 3, "change_message": ""}}, {"model": "admin.logentry", "pk": 193, "fields": {"action_time": "2018-11-19T00:31:03.963Z", "user": 1, "content_type": 11, "object_id": "57", "object_repr": "(2018-11-28 19:00:00+00:00, Scotty McCreedy, Fall 2018, Andy Towers)", "action_flag": 3, "change_message": ""}}, {"model": "admin.logentry", "pk": 194, "fields": {"action_time": "2018-11-19T00:31:03.977Z", "user": 1, "content_type": 11, "object_id": "56", "object_repr": "(2018-11-28 19:00:00+00:00, Scotty McCreedy, Fall 2018, Andy Towers)", "action_flag": 3, "change_message": ""}}, {"model": "admin.logentry", "pk": 195, "fields": {"action_time": "2018-11-19T00:31:03.995Z", "user": 1, "content_type": 11, "object_id": "55", "object_repr": "(2018-11-28 19:00:00+00:00, Scotty McCreedy, Fall 2018, Andy Towers)", "action_flag": 3, "change_message": ""}}, {"model": "admin.logentry", "pk": 196, "fields": {"action_time": "2018-11-19T00:31:04.004Z", "user": 1, "content_type": 11, "object_id": "54", "object_repr": "(2018-11-21 19:00:00+00:00, Scotty McCreedy, Fall 2018, Andy Towers)", "action_flag": 3, "change_message": ""}}, {"model": "admin.logentry", "pk": 197, "fields": {"action_time": "2018-11-19T00:31:04.022Z", "user": 1, "content_type": 11, "object_id": "53", "object_repr": "(2018-11-21 19:00:00+00:00, Scotty McCreedy, Fall 2018, Andy Towers)", "action_flag": 3, "change_message": ""}}, {"model": "admin.logentry", "pk": 198, "fields": {"action_time": "2018-11-19T00:31:04.044Z", "user": 1, "content_type": 11, "object_id": "52", "object_repr": "(2018-11-21 19:00:00+00:00, Scotty McCreedy, Fall 2018, Andy Towers)", "action_flag": 3, "change_message": ""}}, {"model": "admin.logentry", "pk": 199, "fields": {"action_time": "2018-11-19T00:31:04.051Z", "user": 1, "content_type": 11, "object_id": "51", "object_repr": "(2018-11-21 19:00:00+00:00, Scotty McCreedy, Fall 2018, Andy Towers)", "action_flag": 3, "change_message": ""}}, {"model": "admin.logentry", "pk": 200, "fields": {"action_time": "2018-11-19T00:31:35.547Z", "user": 1, "content_type": 11, "object_id": "42", "object_repr": "()", "action_flag": 3, "change_message": ""}}, {"model": "admin.logentry", "pk": 201, "fields": {"action_time": "2018-11-19T00:31:35.551Z", "user": 1, "content_type": 11, "object_id": "41", "object_repr": "()", "action_flag": 3, "change_message": ""}}, {"model": "admin.logentry", "pk": 202, "fields": {"action_time": "2018-11-19T00:31:35.554Z", "user": 1, "content_type": 11, "object_id": "40", "object_repr": "()", "action_flag": 3, "change_message": ""}}, {"model": "admin.logentry", "pk": 203, "fields": {"action_time": "2018-11-19T00:31:35.557Z", "user": 1, "content_type": 11, "object_id": "39", "object_repr": "()", "action_flag": 3, "change_message": ""}}, {"model": "admin.logentry", "pk": 204, "fields": {"action_time": "2018-11-19T00:34:30.829Z", "user": 1, "content_type": 11, "object_id": "138", "object_repr": "(2018-11-28 19:00:00+00:00, Scotty McCreedy, Fall 2018, Andy Towers)", "action_flag": 3, "change_message": ""}}, {"model": "admin.logentry", "pk": 205, "fields": {"action_time": "2018-11-19T00:34:30.839Z", "user": 1, "content_type": 11, "object_id": "137", "object_repr": "(2018-11-28 19:00:00+00:00, Scotty McCreedy, Fall 2018, Andy Towers)", "action_flag": 3, "change_message": ""}}, {"model": "admin.logentry", "pk": 206, "fields": {"action_time": "2018-11-19T00:34:30.850Z", "user": 1, "content_type": 11, "object_id": "136", "object_repr": "(2018-11-28 19:00:00+00:00, Scotty McCreedy, Fall 2018, Andy Towers)", "action_flag": 3, "change_message": ""}}, {"model": "admin.logentry", "pk": 207, "fields": {"action_time": "2018-11-19T00:34:30.866Z", "user": 1, "content_type": 11, "object_id": "135", "object_repr": "(2018-11-28 19:00:00+00:00, Scotty McCreedy, Fall 2018, Andy Towers)", "action_flag": 3, "change_message": ""}}, {"model": "admin.logentry", "pk": 208, "fields": {"action_time": "2018-11-19T00:34:30.877Z", "user": 1, "content_type": 11, "object_id": "134", "object_repr": "(2018-11-21 19:00:00+00:00, Scotty McCreedy, Fall 2018, Andy Towers)", "action_flag": 3, "change_message": ""}}, {"model": "admin.logentry", "pk": 209, "fields": {"action_time": "2018-11-19T00:34:30.899Z", "user": 1, "content_type": 11, "object_id": "133", "object_repr": "(2018-11-21 19:00:00+00:00, Scotty McCreedy, Fall 2018, Andy Towers)", "action_flag": 3, "change_message": ""}}, {"model": "admin.logentry", "pk": 210, "fields": {"action_time": "2018-11-19T00:34:30.908Z", "user": 1, "content_type": 11, "object_id": "132", "object_repr": "(2018-11-21 19:00:00+00:00, Scotty McCreedy, Fall 2018, Andy Towers)", "action_flag": 3, "change_message": ""}}, {"model": "admin.logentry", "pk": 211, "fields": {"action_time": "2018-11-19T00:34:30.921Z", "user": 1, "content_type": 11, "object_id": "131", "object_repr": "(2018-11-21 19:00:00+00:00, Scotty McCreedy, Fall 2018, Andy Towers)", "action_flag": 3, "change_message": ""}}, {"model": "admin.logentry", "pk": 212, "fields": {"action_time": "2018-11-19T00:35:00.650Z", "user": 1, "content_type": 11, "object_id": "15", "object_repr": "(2018-11-18 18:00:00+00:00, Scotty McCreedy, Fall 2018, Andy Towers)", "action_flag": 3, "change_message": ""}}, {"model": "admin.logentry", "pk": 213, "fields": {"action_time": "2018-11-19T00:35:10.140Z", "user": 1, "content_type": 1, "object_id": "3", "object_repr": "Andy  Towers", "action_flag": 3, "change_message": ""}}, {"model": "admin.logentry", "pk": 214, "fields": {"action_time": "2018-11-19T00:53:20.630Z", "user": 1, "content_type": 6, "object_id": "3", "object_repr": "", "action_flag": 3, "change_message": ""}}, {"model": "admin.logentry", "pk": 215, "fields": {"action_time": "2018-11-19T18:33:17.708Z", "user": 1, "content_type": 15, "object_id": "4", "object_repr": "NotVolunteer", "action_flag": 1, "change_message": "[{\"added\": {}}]"}}, {"model": "admin.logentry", "pk": 216, "fields": {"action_time": "2018-11-19T18:33:31.494Z", "user": 1, "content_type": 15, "object_id": "4", "object_repr": "NotVolunteer", "action_flag": 2, "change_message": "[{\"changed\": {\"fields\": [\"first_name\", \"last_name\", \"is_staff\"]}}]"}}, {"model": "admin.logentry", "pk": 217, "fields": {"action_time": "2018-11-19T20:17:30.462Z", "user": 1, "content_type": 9, "object_id": "3", "object_repr": "John Prine", "action_flag": 2, "change_message": "[{\"changed\": {\"fields\": [\"performances\"]}}]"}}, {"model": "admin.logentry", "pk": 218, "fields": {"action_time": "2018-11-19T20:17:49.008Z", "user": 1, "content_type": 9, "object_id": "4", "object_repr": "Scotty McCreedy", "action_flag": 2, "change_message": "[{\"changed\": {\"fields\": [\"group\"]}}]"}}, {"model": "admin.logentry", "pk": 219, "fields": {"action_time": "2018-11-19T20:18:17.614Z", "user": 1, "content_type": 15, "object_id": "5", "object_repr": "FPVUser", "action_flag": 1, "change_message": "[{\"added\": {}}]"}}, {"model": "admin.logentry", "pk": 220, "fields": {"action_time": "2018-11-19T20:18:47.083Z", "user": 1, "content_type": 15, "object_id": "5", "object_repr": "FPVUser", "action_flag": 2, "change_message": "[{\"changed\": {\"fields\": [\"first_name\", \"last_name\", \"is_staff\", \"groups\"]}}]"}}, {"model": "admin.logentry", "pk": 221, "fields": {"action_time": "2018-11-19T23:32:54.749Z", "user": 1, "content_type": 15, "object_id": "6", "object_repr": "FPVAdmin", "action_flag": 1, "change_message": "[{\"added\": {}}]"}}, {"model": "admin.logentry", "pk": 222, "fields": {"action_time": "2018-11-19T23:33:05.256Z", "user": 1, "content_type": 15, "object_id": "6", "object_repr": "FPVAdmin", "action_flag": 2, "change_message": "[{\"changed\": {\"fields\": [\"first_name\", \"last_name\", \"is_staff\"]}}]"}}, {"model": "admin.logentry", "pk": 223, "fields": {"action_time": "2018-11-19T23:33:13.623Z", "user": 1, "content_type": 15, "object_id": "6", "object_repr": "FPVAdmin", "action_flag": 2, "change_message": "[]"}}, {"model": "webapp.show", "pk": 1, "fields": {"name": "MacBeth", "img": "test.png", "runtime": "4 hrs.", "genre": "Fiction", "summary": "A Show about something.", "group": [1, 5], "performances": [1]}}, {"model": "webapp.show", "pk": 2, "fields": {"name": "Hamlet", "img": "hamlet.png", "runtime": "3hrs, 22 min.", "genre": "Shakespeare", "summary": "Lots of people get upset and die", "group": [5, 6], "performances": [2]}}, {"model": "webapp.show", "pk": 3, "fields": {"name": "John Prine", "img": "img/johnPrine.png", "runtime": "4hrs. 1 min.", "genre": "Tragedy", "summary": "Please waste your time with this one!", "group": [5, 6], "performances": [1, 2, 6, 7]}}, {"model": "webapp.show", "pk": 4, "fields": {"name": "Scotty McCreedy", "img": "img/scottyMcCreedy.png", "runtime": "3hrs. 1 min.", "genre": "Drama", "summary": "Do you want to waste your time with this one?", "group": [1, 5], "performances": [3, 4, 5, 6, 7]}}]